지점,일시,평균기온(°C),최저기온(°C),최저기온 시각(hhmi),최고기온(°C),최고기온 시각(hhmi),강수 계속시간(hr),10분 최다 강수량(mm),10분 최다강수량 시각(hhmi),1시간 최다강수량(mm),1시간 최다 강수량 시각(hhmi),일강수량(mm),최대 순간 풍속(m/s),최대 순간 풍속 풍향(16방위),최대 순간풍속 시각(hhmi),최대 풍속(m/s),최대 풍속 풍향(16방위),최대 풍속 시각(hhmi),평균 풍속(m/s),풍정합(100m),평균 이슬점온도(°C),최소 상대습도(%),최소 상대습도 시각(hhmi),평균 상대습도(%),평균 증기압(hPa),평균 현지기압(hPa),최고 해면기압(hPa),최고 해면기압 시각(hhmi),최저 해면기압(hPa),최저 해면기압 시각(hhmi),평균 해면기압(hPa),가조시간(hr),합계 일조시간(hr),1시간 최다일사 시각(hhmi),1시간 최다일사량(MJ/m2),합계 일사량(MJ/m2),일 최심신적설(cm),일 최심신적설 시각(hhmi),일 최심적설(cm),일 최심적설 시각(hhmi),합계 3시간 신적설(cm),평균 전운량(1/10),평균 중하층운량(1/10),평균 지면온도(°C),최저 초상온도(°C),평균 5cm 지중온도(°C),평균 10cm 지중온도(°C),평균 20cm 지중온도(°C),평균 30cm 지중온도(°C),0.5m 지중온도(°C),1.0m 지중온도(°C),1.5m 지중온도(°C),3.0m 지중온도(°C),5.0m 지중온도(°C),합계 대형증발량(mm),합계 소형증발량(mm),9-9강수(mm),안개 계속시간(hr)
238,2022-01-01,-5.6,-12.5,707,2.5,1530,,,,,,,3.9,180,1538,1.5,110,1331,.5,447,-12.3,28,1515,63.4,2.4,1008.9,1034.5,206,1028.4,1626,1031.3,9.8,8.7,,,,,,,,,3.5,1.1,-3.3,-16.7,,,,,,,,,,,,,
238,2022-01-02,-3.1,-9.3,521,5.4,1358,,,,,,,9.1,320,1327,4.3,290,1334,.9,735,-7.4,45,1607,73,3.6,1005.1,1029.1,1,1025.2,1521,1027.2,9.8,5.1,,,,,,,,,1.5,1.4,-1.7,-14.3,,,,,,,,,,,,,
238,2022-01-03,-3.7,-10.6,758,3.7,1437,,,,,,,6.3,360,1349,3.1,320,1425,.7,622,-8.7,38,1409,71,3.2,1004.7,1029,643,1024.5,1529,1026.9,9.8,8.7,,,,,,,,,1.8,1.5,-2.2,-16.6,,,,,,,,,,,,,
238,2022-01-04,-.7,-5.7,2358,4.8,1347,,,,,,,5.5,340,1344,3,340,1433,1,853,-9.1,24,1640,57,3.2,1005.7,1029.4,2310,1025.2,53,1027.5,9.8,8.7,,,,,,,,,.3,,-.4,-12.7,,,,,,,,,,,,,
238,2022-01-05,-1.5,-6.8,454,3.6,1516,,,,,,,2.3,90,1108,1.4,90,1117,.4,313,-10.4,28,1342,53.6,2.8,1005.1,1029.5,235,1024.5,1438,1027,9.8,.9,,,,,,,,,9.3,7.8,-.8,-12.5,,,,,,,,,,,,,
238,2022-01-06,-2.3,-7.7,744,5.4,1400,,,,,,,5.4,360,1228,3,360,1339,.7,646,-10.3,24,1201,59.1,2.9,1006.7,1031.2,2339,1026.1,9,1028.8,9.8,9.1,,,,,,,,,0,0,-.6,-14.5,,,,,,,,,,,,,
238,2022-01-07,-3.9,-10.7,726,6.6,1509,,,,,,,4.4,20,1508,2.3,270,1417,.5,458,-11.3,13,1624,61.9,2.6,1007.8,1032.7,826,1027.3,1503,1030,9.8,9.2,,,,,,,,,0,0,-2.2,-16.5,,,,,,,,,,,,,
238,2022-01-08,-1.1,-10.1,659,6.3,1337,,,,,,,5.8,340,1243,2.8,340,1400,.7,597,-7.3,34,1254,65,3.6,1003.5,1029,3,1022.6,1424,1025.4,9.9,8.7,,,,,,,,,,,-.9,-15.3,,,,,,,,,,,,,
238,2022-01-09,.7,-4.4,2343,6.8,1257,,,,,,,5.1,290,1221,2.7,270,1252,.6,501,-3.1,52,1448,77.1,4.9,1000.7,1023.8,2215,1020.5,1450,1022.4,9.9,3,,,,,,,,,5.1,5,1.6,-11.8,,,,,,,,,,,,,
238,2022-01-10,-.1,-7.2,628,8,1445,,,,,,,5.8,320,1526,2.8,340,1521,.8,711,-5.9,26,1620,69,4,998.7,1024,449,1017.5,2356,1020.4,9.9,5.3,,,,,,,,,6.9,5.3,1.3,-13.1,,,,,,,,,,,,,
238,2022-01-11,-3.4,-7.1,2354,1,1,,,,,,.1,9.7,290,1341,5,290,1341,2.7,2358,-10.4,36,1341,60.1,2.9,998.1,1024.3,2320,1015.9,437,1020.1,9.9,8.4,,,,,,,,,,,0,-11.3,,,,,,,,,,,,,
238,2022-01-12,-5.6,-11.9,722,.3,1445,,,,,,0,7.4,340,1240,3.4,290,1643,1.4,1202,-12.9,33,1318,59.4,2.3,1000.9,1025.3,801,1020.7,1449,1023.1,9.9,8.8,,,,,,,,,2.6,1.3,-2.5,-16.8,,,,,,,,,,,,,
238,2022-01-13,-5.1,-9,450,-.7,1319,,,,,,.2,11,320,1244,5.8,290,1522,2.2,1926,-11.8,35,1509,60.6,2.5,999.8,1025.7,2357,1019,549,1022,9.9,6.9,,,,,,,,,2.5,2.5,-1.9,-13.8,,,,,,,,,,,,,
238,2022-01-14,-5.6,-12.8,725,2.5,1543,,,,,,,5.2,20,1333,2.4,340,1447,.7,628,-13.3,25,1357,59,2.2,1003.9,1028.6,938,1023.7,1659,1026.2,10,9.2,,,,,,,,,3,1.9,-2.6,-17.5,,,,,,,,,,,,,
238,2022-01-15,-.7,-7.9,649,6.3,1414,,,,,,,3.2,270,1640,1.8,270,1647,.5,430,-8.3,26,1201,60.3,3.4,1001.6,1026.3,854,1021.2,1428,1023.4,10,3.8,,,,,,,,,8.4,7.6,-.7,-11.6,,,,,,,,,,,,,
238,2022-01-16,.2,-6.5,2351,4.6,207,,,,,,.6,8.7,320,1240,3.9,290,1227,1.8,1514,-6.5,35,1400,63.4,4,1003.2,1028.5,2359,1021.8,205,1025,10,7.1,,,,,,,,,2.6,2.5,1.9,-13.8,,,,,,,,,,,,,
238,2022-01-17,-3.2,-9.1,731,2.6,1406,,,,,,0,11,320,1818,5.4,290,1935,1.8,1529,-8.8,48,1404,66.4,3.2,1005.4,1029.9,942,1024.4,1732,1027.5,10,4.4,,,,,,,,,6.1,3.3,-2,-14.5,,,,,,,,,,,,,
238,2022-01-18,-5.9,-12.1,741,1.7,1527,,,,,,,5.9,360,1407,2.6,290,1228,.9,736,-14.7,22,1300,54.5,2,1006.3,1031.1,1001,1026,1624,1028.7,10.1,9.4,,,,,,,,,0,0,-2.5,-16.8,,,,,,,,,,,,,
238,2022-01-19,-4.1,-12.6,739,5.7,1332,,,,,,0,9.6,290,1356,5,270,1400,1.2,1075,-9.9,34,1258,65.9,3,1002.9,1028.7,115,1021,1431,1025,10.1,6.6,,,,,,,,,5.1,3.1,-2.6,-16.7,,,,,,,,,,,,,
238,2022-01-20,-4.8,-10.9,738,3.3,1520,,,,,,0,4.8,340,1,3,290,9,.8,693,-10.9,34,1509,65.5,2.7,1006.3,1030.8,2326,1024.8,1,1028.6,10.1,9.1,,,,,,,,,.1,0,-1.4,-16.5,,,,,,,,,,,,,
238,2022-01-21,-4.2,-12.8,744,6.8,1529,,,,,,,2.7,320,1753,1.3,180,1317,.4,380,-11.7,14,1428,61.6,2.5,1008.1,1033.1,845,1027.6,1639,1030.4,10.1,9.3,,,,,,,,,3.4,.5,-1.7,-18,,,,,,,,,,,,,
238,2022-01-22,2.6,-5.5,1,9.7,1450,,,,,,0,2.7,110,1140,1.2,140,1120,.4,365,-4.2,36,1328,62.8,4.7,1004.2,1029.5,1,1023.2,1447,1025.8,10.1,1.5,,,,,,,,,8.1,7.4,2.2,-9.8,,,,,,,,,,,,,
238,2022-01-23,3.2,-2.3,2350,9.7,1323,,,,,,,5.1,290,1415,2.5,320,1416,.7,603,-2.1,43,1555,70.8,5.3,999.6,1024.1,1,1018.4,1505,1021,10.2,2.4,,,,,,,,,5.9,4.3,2.5,-9.9,,,,,,,,,,,,,
238,2022-01-24,2.6,-4.9,552,7.9,1302,,,,,,,6,90,1056,3.4,90,1149,1.1,964,-3.8,47,1559,65,4.6,1000.2,1023,856,1020.2,1449,1021.7,10.2,1.9,,,,,,,,,4.5,4.5,1.7,-10.8,,,,,,,,,,,,,
238,2022-01-25,2.8,1.1,2342,4.4,1324,,,,,,.6,3.7,270,2123,1.5,140,830,.5,452,.2,57,13,83.6,6.2,1000,1022.8,2353,1019.9,1521,1021.5,10.2,0,,,,,,,,,8,7.9,2.1,-4.8,,,,,,,,,,,,,
238,2022-01-26,1.9,-1.6,2357,6.3,1511,,,,,,,6,290,1514,2.9,290,1503,1.1,951,-3.4,47,1513,69,4.8,1003,1025.9,951,1022.8,1,1024.7,10.3,3,,,,,,,,,7.1,7.1,3.2,-8,,,,,,,,,,,,,
238,2022-01-27,-.8,-6.1,754,6.4,1455,,,,,,,5.7,360,1456,3,20,1449,.9,761,-7.3,25,1356,65.1,3.5,1003,1026.9,902,1021.7,1505,1024.9,10.3,9.1,,,,,,,,,2.6,1.4,1.7,-13,,,,,,,,,,,,,
238,2022-01-28,-2.2,-8.5,754,4.2,1400,,,,,,,7,340,1312,3.1,340,1410,1,845,-9.9,30,1319,59.4,2.9,1002.7,1027.3,820,1022.3,1756,1024.7,10.3,9.2,,,,,,,,,4.4,2.5,.1,-14.6,,,,,,,,,,,,,
238,2022-01-29,-1.8,-6.1,815,3.5,1543,,,,,,,6.1,270,1433,3.5,270,1433,1.2,999,-11.5,26,1621,50.3,2.6,1000.4,1024.9,132,1019.2,1634,1022.3,10.3,8.6,,,,,,,,,6.1,4.3,.6,-12.4,,,,,,,,,,,,,
238,2022-01-30,-2.7,-8.9,737,4.2,1424,,,,,,,6.3,270,1738,3.4,290,1501,.9,737,-12.4,21,1350,50.6,2.4,1000.3,1024.8,2346,1019.6,1454,1022.3,10.4,9.6,,,,,,,,,2.5,1,0,-14.6,,,,,,,,,,,,,
238,2022-01-31,-2.2,-11.1,722,5.7,1516,,,,,,0,5.1,360,1621,2.7,270,1408,.9,735,-9.9,23,1339,59.4,3,1002.8,1027.7,951,1022.9,1658,1024.8,10.4,9.7,,,,,,,,,1.1,1.1,-.6,-16.6,,,,,,,,,,,,,
238,2022-02-01,-.1,-3.6,2145,1.9,1341,,,,,,1.1,9.9,290,1500,4.8,290,1501,1.9,1638,-5.3,53,850,68.4,4.1,1004.1,1029.6,2318,1023,410,1025.9,10.4,1.5,,,,,,,,,8.5,8.4,0,-10.7,,,,,,,,,,,,,
238,2022-02-02,-.6,-4.4,2128,4.1,1345,,,,,,,8.4,290,1402,3.6,290,1417,1.3,1096,-8.7,33,1723,55.8,3.2,1006.2,1029.6,2212,1026.2,1628,1028.1,10.4,6.8,,,,,,,,,5.3,3.6,2.1,-12.3,,,,,,,,,,,,,
238,2022-02-03,-1.9,-6.5,749,3.6,1548,,,,,,,6.3,320,1349,3.2,290,1357,1.3,1166,-11.6,25,1627,50.4,2.6,1004.9,1029.3,834,1024.4,1516,1026.9,10.5,9.5,,,,,,,,,3,2,1.3,-13.6,,,,,,,,,,,,,
238,2022-02-04,-3,-6.7,459,2.1,1446,,,,,,0,10,320,1544,5,290,1852,1.9,1662,-10.4,34,1530,58,2.8,1003.1,1028.2,35,1022.7,1533,1025.2,10.5,5.4,,,,,,,,,6.1,5.9,.8,-11.7,,,,,,,,,,,,,
238,2022-02-05,-4.4,-8.3,613,.2,1547,,,,,,0,10.6,270,1429,4.9,290,1335,2.5,2162,-10.6,36,1254,63.6,2.8,1004.6,1028.8,2400,1024.6,219,1026.8,10.6,7.4,,,,,,,,,4.5,4.5,-1.2,-14.6,,,,,,,,,,,,,
238,2022-02-06,-4.2,-11,715,1.9,1436,,,,,,0,9.2,290,1238,3.8,290,1239,1.2,1019,-8.8,51,1309,71.5,3.2,1006.5,1030.7,917,1026.1,1743,1028.7,10.6,3.4,,,,,,,,,3.4,3.3,-2.5,-16.8,,,,,,,,,,,,,
238,2022-02-07,-3.2,-10.4,814,1.4,1507,,,,,,,4.8,340,1610,2.4,290,1325,.7,601,-11.9,28,1434,55.9,2.5,1006.5,1031,906,1025.5,1806,1028.6,10.6,2.4,,,,,,,,,5.9,4.4,-2.1,-16.1,,,,,,,,,,,,,
238,2022-02-08,-1.9,-8.7,621,6,1428,,,,,,,6.5,320,1242,3.5,290,1250,.8,716,-8.7,39,1429,61.1,3.2,1006,1030,2330,1025.7,1657,1028,10.7,6.9,,,,,,,,,4.8,1.9,1.1,-14.2,,,,,,,,,,,,,
238,2022-02-09,-.2,-9.5,722,8.9,1516,,,,,,,5,360,1547,2.4,340,1524,.6,544,-9.5,22,1452,55.1,3,1003.5,1029.8,858,1021.8,1613,1025.4,10.7,9,,,,,,,,,5.3,3.5,1.2,-15.4,,,,,,,,,,,,,
238,2022-02-10,1.5,-4.1,2348,8.3,1540,,,,,,,6.5,320,1352,3.6,290,1354,.9,810,-9.1,24,1230,48.1,3.1,1001.5,1025.8,2342,1020.9,1523,1023.2,10.7,9.3,,,,,,,,,2.5,2.5,3.4,-11.8,,,,,,,,,,,,,
238,2022-02-11,.2,-8.1,635,10,1423,,,,,,0,5.6,20,1440,3.1,360,1609,.7,641,-10,16,1443,52.3,2.9,1004.6,1029.3,914,1024.2,1538,1026.4,10.8,9.5,,,,,,,,,3.4,1.6,2.2,-14.3,,,,,,,,,,,,,
238,2022-02-12,2.2,-5.1,734,12,1447,,,,,,,4.2,290,1539,2.5,290,1559,.6,550,-8.9,17,1511,48.3,3.2,1003.1,1028.3,813,1021.2,1636,1024.7,10.8,9.8,,,,,,,,,2.5,2.5,4.4,-11.2,,,,,,,,,,,,,
238,2022-02-13,2.8,-3.7,716,11.5,1418,,,,,,,4.9,360,1543,2.8,360,1636,.6,554,-5.2,31,1251,58.3,4.2,999.9,1024.1,751,1018.6,1745,1021.4,10.8,5.9,,,,,,,,,5.4,4.3,2.9,-9.7,,,,,,,,,,,,,
238,2022-02-14,2.4,-5.5,724,11.6,1405,,,,,,.7,10.2,320,2216,4.9,290,2224,1.5,1254,-4.4,24,1247,66.1,4.5,999,1022.3,731,1017.5,1512,1020.5,10.9,8.8,,,,,,,,,4.6,4,4.6,-11.6,,,,,,,,,,,,,
238,2022-02-15,-2.6,-6,2313,.5,1,,,,,,.1,8.9,320,1506,4.5,290,1222,2.6,2218,-8.9,44,1632,62.1,3.2,1000.2,1024,2142,1020.3,1422,1022.1,10.9,2.3,,,,,,,,,7,7,1,-10.2,,,,,,,,,,,,,
238,2022-02-16,-5.5,-7.5,550,-1.5,1327,,,,,,.2,10.8,320,1716,5.4,290,1243,2.6,2227,-11.6,37,1521,63.3,2.6,1001.6,1025.6,2349,1022,1518,1023.8,10.9,4.8,,,,,,,,,4.9,4,-3.4,-11.9,,,,,,,,,,,,,
238,2022-02-17,-5.7,-9.4,436,.5,1536,,,,,,,6.8,270,1239,3.2,290,27,1.6,1351,-15.2,25,1451,49.4,1.9,1005.9,1031.8,2342,1025.5,3,1028.3,11,10.2,,,,,,,,,.1,0,-.5,-15.8,,,,,,,,,,,,,
238,2022-02-18,-2.7,-13,722,7.4,1508,,,,,,,4.5,290,1706,2.8,290,1712,.7,601,-13.6,14,1331,49.8,2.2,1007.6,1034.2,758,1025.9,2332,1029.7,11,9.9,,,,,,,,,5,3,1.6,-17.3,,,,,,,,,,,,,
238,2022-02-19,.3,-3.8,2352,4.6,1327,,,,,,0,8.9,290,2203,5.2,290,2135,1.8,1545,-8.9,25,1133,51.4,3.2,1001.7,1027,22,1020.8,1739,1023.4,11,2,,,,,,,,,9,7.5,2,-7.5,,,,,,,,,,,,,
238,2022-02-20,-3.7,-6.6,730,1.1,1503,,,,,,.1,11.4,290,1427,5.2,290,1340,2.7,2368,-14.7,17,1427,46,2,1004.6,1029.8,2232,1023.7,359,1026.7,11.1,10,,,,,,,,,1,1,1.2,-14.3,,,,,,,,,,,,,
238,2022-02-21,-2.1,-10.6,657,5,1309,,,,,,0,11.7,270,1526,5.2,270,1534,1.9,1622,-10.2,33,1241,56.6,2.8,1006.9,1031.4,2351,1025.9,1452,1028.9,11.1,7.3,,,,,,,,,2.9,2.1,-.6,-15.8,,,,,,,,,,,,,
238,2022-02-22,-2,-5.8,724,2.7,1519,,,,,,0,9,270,1333,4,290,1334,2.1,1810,-11.9,26,1007,48.3,2.5,1009.7,1033.8,940,1029.9,1644,1031.8,11.1,9.1,,,,,,,,,5.1,3.3,.4,-12.9,,,,,,,,,,,,,
238,2022-02-23,-4.7,-9.4,656,1.7,1614,,,,,,0,7.5,320,1656,3.8,290,1532,1.7,1478,-16,20,1815,43.1,1.8,1010.7,1036.3,913,1029.6,1652,1033,11.2,9.5,,,,,,,,,3.8,1,1.7,-15.8,,,,,,,,,,,,,
238,2022-02-24,-3.4,-12.4,707,4.7,1559,,,,,,,8.6,320,1254,4.4,290,1256,1.2,1004,-12.5,25,1356,52.9,2.4,1009.1,1034.4,846,1028.2,1650,1031.3,11.2,10.6,,,,,,,,,0,0,.6,-18.1,,,,,,,,,,,,,
238,2022-02-25,1.3,-9.2,715,9.7,1338,,,,,,,7.8,290,1642,4.1,270,1408,1.1,947,-5.4,32,1340,64.6,4.2,1006,1031.6,835,1025.1,1549,1027.7,11.3,9.3,,,,,,,,,2.6,2.5,3,-15.3,,,,,,,,,,,,,
238,2022-02-26,5,-3.4,628,12.4,1435,,,,,,1.9,13,250,2107,6,290,2233,2.4,2078,-3.1,22,1445,61.3,4.9,998.2,1025.4,3,1013.9,2115,1019.5,11.3,8.6,,,,,,,,,3.4,1.4,6,-10.4,,,,,,,,,,,,,
238,2022-02-27,3.6,-3.5,711,10.7,1458,,,,,,,8.5,360,1340,3.6,320,1218,1.4,1241,-7.2,18,1259,50.9,3.6,1001.3,1024.8,2300,1018.9,2,1022.7,11.3,10.7,,,,,,,,,0,0,4.8,-11.9,,,,,,,,,,,,,
238,2022-02-28,4.4,-5.1,705,14.6,1418,,,,,,,3.4,360,1538,2,290,1627,.7,568,-7.4,16,1548,50.5,3.6,999.8,1026.3,741,1017.1,2359,1021.1,11.4,7.3,,,,,,,,,4.6,4,4,-12.2,,,,,,,,,,,,,
238,2022-03-01,5.8,1.6,2359,12.7,1315,,,,,,2.4,8.4,250,1333,4.2,270,1341,1.3,1160,1.8,51,221,76.5,7.1,993.9,1018.7,2329,1011.9,1320,1015,11.4,2.6,,,,,,,,,7.4,6.1,6.4,-4.4,,,,,,,,,,,,,
238,2022-03-02,2.4,-5,707,9.4,1549,,,,,,,7.9,270,1842,4.3,270,1812,1.4,1223,-5.2,27,1304,61.8,4.2,997.1,1020.6,836,1016,1615,1018.6,11.4,10.8,,,,,,,,,1.5,.4,5.4,-12.8,,,,,,,,,,,,,
238,2022-03-03,4.4,-3.2,559,13.2,1315,,,,,,,7.3,250,1348,3.7,250,1557,1.1,984,-5.1,16,1311,56.4,4.2,997.1,1020.7,851,1016.2,1547,1018.4,11.5,10.5,,,,,,,,,0,0,6.4,-10.9,,,,,,,,,,,,,
238,2022-03-04,7.5,-3.5,455,16.8,1522,,,,,,,14.9,270,2125,5.7,250,2105,2,1701,-2.4,27,1450,53.6,5.3,992.2,1019.2,156,1007.4,1741,1013.2,11.5,6.6,,,,,,,,,6.9,3.6,8.5,-10.9,,,,,,,,,,,,,
238,2022-03-05,3.6,-.8,2332,9.2,1,,,,,,,13.9,290,1555,6.5,290,1539,3.4,2935,-9.3,21,1407,41,3.3,995,1020.5,2226,1010.4,1,1016.3,11.5,10.7,,,,,,,,,0,0,7.3,-6.5,,,,,,,,,,,,,
238,2022-03-06,1.5,-4.9,710,8.6,1622,,,,,,,9,320,1253,3.8,290,1409,1.6,1391,-11.2,14,1404,43.1,2.7,1000.2,1023.9,837,1018.7,1638,1021.8,11.6,10.8,,,,,,,,,1.6,1,5.3,-13.8,,,,,,,,,,,,,
238,2022-03-07,2.6,-5.5,652,11.5,1517,,,,,,,5.2,360,1347,2.5,340,1425,1,826,-10,13,1430,45.5,2.9,999.1,1023.7,750,1017.4,1530,1020.6,11.6,9.8,,,,,,,,,4.5,2.8,6.3,-12.2,,,,,,,,,,,,,
238,2022-03-08,4.2,-5.1,640,14.5,1509,,,,,,,7,290,1621,3,340,1539,.8,660,-5.2,25,1428,54,4.2,998,1021.5,807,1016.6,1558,1019.3,11.7,10.5,,,,,,,,,1.5,.6,7,-12.2,,,,,,,,,,,,,
238,2022-03-09,5.7,-3.4,646,16.7,1539,,,,,,,6.2,360,1512,3,340,1518,.8,689,-5.1,16,1349,53.9,4.2,1000.6,1024.2,905,1019.6,1536,1021.8,11.7,10.6,,,,,,,,,.3,0,7.9,-10.9,,,,,,,,,,,,,
238,2022-03-10,7.1,-3,611,18,1303,,,,,,,6.9,290,1416,3.6,250,1345,.9,811,-5.3,13,1245,48.6,4.2,999.9,1024.2,725,1018.1,1708,1021,11.7,9.8,,,,,,,,,5.3,1.6,7.4,-11.1,,,,,,,,,,,,,
238,2022-03-11,9,-.4,615,18.5,1531,,,,,,0,4,360,1545,2.2,360,1624,.5,441,2.5,41,1145,65.1,7.7,997.5,1020.7,710,1015.2,1549,1018.4,11.8,1.8,,,,,,,,,6.9,5.4,8.8,-7.2,,,,,,,,,,,,,
238,2022-03-12,13.9,4.3,651,20.7,1324,,,,,,,10.2,270,1254,3.6,180,2207,1.3,1161,7.4,48,1325,67.9,10.4,994.8,1019.1,851,1011.5,2326,1015.2,11.8,2.7,,,,,,,,,7,5.1,11.6,-2.5,,,,,,,,,,,,,
238,2022-03-13,14.8,12.9,2357,17.4,347,,,,,,20.2,8.4,180,345,4.2,180,214,1.2,1032,13.1,55,1,90.8,15.2,990.5,1012.8,2357,1008.9,1442,1010.8,11.8,0,,,,,,,,,9.3,9,12.6,9.7,,,,,,,,,,,,,
238,2022-03-14,11.7,6.5,2356,17.4,1139,,,,,,4.5,12.5,320,1552,5.7,270,1537,1.7,1450,9.7,71,1340,88.4,12.3,991,1014.4,2328,1007.4,1510,1011.5,11.9,1.4,,,,,,,,,9,8.1,12.1,1.4,,,,,,,,,,,,,
238,2022-03-15,9,.9,646,18.3,1457,,,,,,,7.4,360,1538,3.2,340,1552,1,883,2.4,22,1444,68.6,7.4,993.1,1017.2,853,1010.8,1506,1014,11.9,10.2,,,,,,,,,2.3,1.9,10.6,-5.1,,,,,,,,,,,,,
238,2022-03-16,10.4,.4,703,20.4,1442,,,,,,,5.3,320,1520,2.7,360,1731,.9,758,2,22,1428,63.6,7.1,995.1,1018.6,2209,1012.8,1543,1015.9,12,9.1,,,,,,,,,3.5,2.6,10.5,-6.1,,,,,,,,,,,,,
238,2022-03-17,8.4,6.3,2333,9.9,1003,,,,,,7.3,7.8,70,2008,3.8,110,2007,1.3,1124,5.9,69,20,84.9,9.3,997.7,1020.7,802,1015.8,2359,1018.7,12,0,,,,,,,,,10,10,8.2,2.8,,,,,,,,,,,,,
238,2022-03-18,6.1,4.2,2400,7.9,1318,,,,,,4.9,6.6,110,1119,3.5,110,1621,1.7,1485,3.2,68,1438,82.1,7.7,989.1,1015.8,1,1008,1618,1010.1,12.1,0,,,,,,,,,9.8,9.5,7.2,3.5,,,,,,,,,,,,,
238,2022-03-19,3.4,1.7,2322,5.4,1555,,,,,,11.3,6.3,270,1327,2.7,270,1243,1.1,980,1.8,73,1646,90.4,7,988.6,1016.1,2348,1005.4,616,1009.7,12.1,.2,,,,,,,,,9.3,9.3,5,-2.3,,,,,,,,,,,,,
238,2022-03-20,3.5,.1,239,8.6,1629,,,,,,,6.7,320,1949,3,270,1712,1.1,946,0,51,1546,79.8,6.1,998.3,1023.5,2347,1016.1,1,1019.7,12.1,1.3,,,,,,,,,8.6,6.6,6.3,-5,,,,,,,,,,,,,
238,2022-03-21,5.5,-2.2,641,12.8,1451,,,,,,,5.1,290,1717,2.6,290,1724,.8,719,-4.5,21,1416,55,4.5,1001.9,1026.5,813,1020.5,1451,1023.2,12.2,8.3,,,,,,,,,7.6,3.6,6.8,-8.5,,,,,,,,,,,,,
238,2022-03-22,6.1,-.8,640,12.8,1515,,,,,,,6.8,20,1143,3.6,360,1150,1,905,-5.1,25,1505,48.6,4.2,1000.3,1024.1,851,1018.1,1812,1021.6,12.2,9.7,,,,,,,,,5.8,.3,8,-7.4,,,,,,,,,,,,,
238,2022-03-23,4.5,.5,449,10.3,1308,,,,,,,7.2,320,1436,3.9,290,1507,1,830,-1.9,37,1309,65.6,5.3,997.3,1021.4,112,1016.2,1648,1018.5,12.2,1.2,,,,,,,,,5.8,4.3,4.6,-6.4,,,,,,,,,,,,,
238,2022-03-24,7.7,-2.1,526,16,1418,,,,,,,5.9,290,1220,3.3,290,1259,.8,670,1.3,38,1431,68,6.8,998.9,1022.2,2309,1017.5,1733,1019.9,12.3,,,,,,,,,,4.5,2.3,3,-8.2,,,,,,,,,,,,,
238,2022-03-25,11.8,2.8,652,20.1,1400,,,,,,14.9,5.3,140,1424,2.8,140,1517,1.1,908,5.9,30,1307,72.3,9.6,994.2,1022.3,214,1003.3,2350,1014.7,12.3,4.3,,,,,,,,,8.1,3.6,11.5,-1.8,,,,,,,,,,,,,
238,2022-03-26,10.9,7.4,2356,16.1,658,,,,,,13.5,12.1,250,1221,4.9,250,1050,2.1,1845,9,77,736,88.5,11.7,983.2,1013.2,2352,996.2,723,1003.6,12.4,0,,,,,,,,,9,7.4,10.9,3.1,,,,,,,,,,,,,
238,2022-03-27,7.2,1.1,700,15.6,1309,,,,,,,9.9,250,1344,4.6,290,1219,1.6,1419,-1.2,28,1142,62.4,5.9,995.3,1022.6,2351,1012.7,1431,1016.3,12.4,8.5,,,,,,,,,3.9,.6,8.9,-6.9,,,,,,,,,,,,,
238,2022-03-28,5.6,-2.7,536,14.9,1602,,,,,,,6,70,1229,3.4,290,1718,.9,740,-4.1,22,1540,54.9,4.6,1004.4,1028,2325,1022.5,1,1025.7,12.4,10.9,,,,,,,,,1.9,.4,8,-9,,,,,,,,,,,,,
238,2022-03-29,8.1,-1.4,646,18.7,1518,,,,,,,5.6,360,1604,3,360,1605,.9,752,-.6,24,1522,59.9,5.9,1003.5,1028.3,36,1021.1,1538,1024.6,12.5,11.4,,,,,,,,,.5,0,9.6,-7.4,,,,,,,,,,,,,
238,2022-03-30,11,1,547,19.6,1404,,,,,,1.6,7.5,320,1456,3.7,290,1447,.9,743,6.9,51,1039,77.6,10.5,999.4,1024.3,705,1016.9,1750,1020.2,12.5,1.1,,,,,,,,,7.5,6.8,10,-5.6,,,,,,,,,,,,,
238,2022-03-31,10.9,7.8,2359,13.9,1316,,,,,,,6.5,360,1342,3.1,290,530,1.4,1216,6.1,55,1609,74,9.5,1002.3,1027.2,2355,1019.8,321,1023.1,12.5,.4,,,,,,,,,9.4,8.4,12,5.6,,,,,,,,,,,,,
238,2022-04-01,8.3,1.4,626,14.6,1501,,,,,,,5.6,360,1615,2.9,360,1618,1.1,975,-1.4,23,1317,56,5.6,1007,1030.1,850,1025.7,1654,1028.2,12.6,10.4,,,,,,,,,4,.1,10.5,-5.4,,,,,,,,,,,,,
238,2022-04-02,6.3,-1.4,614,14.9,1450,,,,,,,7.5,320,1311,3.9,270,1635,1.2,1065,-4.3,17,1439,54,4.5,1006.2,1029.7,59,1024.2,1530,1027.6,12.6,11.6,,,,,,,,,0,0,8.9,-8.1,,,,,,,,,,,,,
238,2022-04-03,7.6,-2.1,612,16.9,1506,,,,,,,6,360,1432,3,290,1736,1,855,-3.9,13,1603,52.6,4.7,1006.6,1029.8,743,1024.7,1613,1027.8,12.7,11.8,,,,,,,,,0,0,9.9,-8,,,,,,,,,,,,,
238,2022-04-04,8.9,-.8,628,18.4,1523,,,,,,,7.1,340,1435,3.4,340,1441,1,894,-2.6,14,1653,52,5.1,1006.5,1030.8,710,1024.5,1636,1027.6,12.7,11.9,,,,,,,,,.8,0,10.9,-6.8,,,,,,,,,,,,,
238,2022-04-05,8.7,-1.1,600,17.7,1312,,,,,,,7,230,1437,3.7,270,1358,1.2,1002,-4.8,10,1304,46.9,4.4,1001.6,1026.9,17,1019,1623,1022.6,12.7,8.9,,,,,,,,,6.5,0,10.7,-7.8,,,,,,,,,,,,,
238,2022-04-06,11.1,1.3,636,20.1,1506,,,,,,,5.9,20,1449,3.4,360,1628,1,861,.2,20,1326,51.1,6.3,999.8,1023.5,640,1017.2,1701,1020.6,12.8,11.2,,,,,,,,,.1,.1,13.3,-3.7,,,,,,,,,,,,,
238,2022-04-07,10.2,4.9,2350,17.4,1551,,1.1,415,3.5,403,4,8.7,290,1433,3.7,340,1453,1.3,1107,1.4,30,1643,59.4,7,997.5,1021.1,2356,1015.3,1550,1018.3,12.8,8.3,,,,,,,,,3.6,3.4,12.9,-2.6,,,,,,,,,,,,,
238,2022-04-08,11.4,-.3,617,22.5,1541,,,,,,,6.5,230,1456,3.2,270,1501,1,871,-.7,19,1445,49.1,5.9,998.5,1022.9,655,1015.9,1820,1019.2,12.9,12.1,,,,,,,,,0,0,12.9,-5.5,,,,,,,,,,,,,
238,2022-04-09,16.1,5.3,427,25.9,1335,,,,,,,7.9,230,1628,4.3,230,1526,1.3,1166,4.6,27,1256,50.9,8.5,995,1017.4,1,1012.2,1638,1015.3,12.9,11.3,,,,,,,,,.4,.3,16.6,-.1,,,,,,,,,,,,,
238,2022-04-10,16.4,5.8,610,26.2,1348,,,,,,,5.6,360,1427,3,320,1449,1,832,4.7,18,1316,52.4,8.6,995.8,1018.5,713,1013,1522,1016.1,12.9,8.9,,,,,,,,,4.4,1.9,16.8,-.6,,,,,,,,,,,,,
238,2022-04-11,18.3,8.3,637,26.7,1618,,,,,,,4.5,360,1509,2.5,360,1518,.9,749,10.1,34,1612,62.6,12.4,992.7,1016.7,555,1008.6,1727,1012.8,13,9.2,,,,,,,,,2.6,1.6,17.4,2.4,,,,,,,,,,,,,
238,2022-04-12,19,9.9,639,27.5,1243,,,,,,,7,230,1513,3.8,230,1513,1.3,1093,11.7,33,1244,68.3,13.9,990.3,1012.8,639,1007.5,1609,1010.3,13,11,,,,,,,,,3.8,.3,20.9,3.5,,,,,,,,,,,,,
238,2022-04-13,14.1,8.8,2358,20.2,1158,,2.2,1502,4.9,1437,22.2,5.7,90,1544,3.1,110,1332,1.2,1007,11.8,67,1152,86.5,14,992.7,1017,2358,1010.4,211,1013.1,13,0,,,,,,,,,9.4,9.4,14.4,8.5,,,,,,,,,,,,,
238,2022-04-14,10.2,8.3,137,13.3,1624,,1.2,2,1.8,1,2.2,5.8,110,1446,2.8,110,1341,1.6,1416,5.9,62,1619,75.5,9.3,996.4,1019.2,2312,1015.3,409,1017.1,13.1,.1,,,,,,,,,8.9,8.8,12.7,8.1,,,,,,,,,,,,,
238,2022-04-15,11.2,4.9,445,18.5,1404,,,,,,,8.7,20,1448,4.3,360,1507,1.3,1144,1.9,25,1805,57.6,7.1,996.1,1019.2,5,1013.1,1554,1016.8,13.1,10.4,,,,,,,,,3.1,1.1,12.7,-.2,,,,,,,,,,,,,
238,2022-04-16,10.6,2.5,602,18.8,1458,,,,,,,8,290,1511,3.8,290,1513,1.1,977,.7,20,1339,55.1,6.5,996.8,1019.8,730,1014.4,1640,1017.6,13.1,12.1,,,,,,,,,3.1,.9,12.6,-2.7,,,,,,,,,,,,,
238,2022-04-17,11.6,.6,617,20.4,1432,,,,,,,8,360,1109,3.6,290,1519,1.1,936,-1.1,15,1234,48.9,5.8,997.8,1020.3,711,1015.5,1812,1018.5,13.2,12.1,,,,,,,,,2.6,1,12.9,-5.3,,,,,,,,,,,,,
238,2022-04-18,13.3,6.4,625,22.1,1431,,,,,,,6.6,290,1826,3.6,290,1639,1.1,961,.3,18,1335,46.8,6.3,997.6,1020,50,1015,1736,1018.1,13.2,6.6,,,,,,,,,7.5,3,15.8,.5,,,,,,,,,,,,,
238,2022-04-19,13,3.6,622,23,1405,,,,,,,9.8,340,1411,3.9,340,1416,1.1,940,-1,13,1445,45.1,5.8,997,1019.7,33,1014.7,1534,1017.6,13.3,10.8,,,,,,,,,3.1,2.3,16.1,-1.8,,,,,,,,,,,,,
238,2022-04-20,13.1,2.7,545,22.7,1438,,,,,,,7.7,230,1325,3.9,290,1641,1.2,1070,.2,15,1412,48.5,6.3,995.6,1019.2,710,1012.5,1629,1016.2,13.3,12.3,,,,,,,,,0,0,16,-3.5,,,,,,,,,,,,,
238,2022-04-21,11.6,4.5,605,19.7,1453,,,,,,,7,160,1557,4,160,1605,.9,750,3.4,26,1454,61.8,7.8,992.4,1016.2,39,1010.1,1629,1013,13.3,4.2,,,,,,,,,5.9,3.1,15.5,-.8,,,,,,,,,,,,,
238,2022-04-22,15.7,5.8,529,25.2,1353,,,,,,,11.2,230,1434,5.5,230,1434,1.9,1670,9.3,42,1354,69.5,11.9,990.8,1013.3,34,1008.1,1449,1011.1,13.3,7.9,,,,,,,,,5.9,4,15.9,.9,,,,,,,,,,,,,
238,2022-04-23,18,12.1,602,25.6,1535,,,,,,,3.6,140,934,2,160,928,.8,696,7.9,18,1508,58.6,11,991.4,1014.4,744,1007.9,1608,1011.4,13.4,7.9,,,,,,,,,7.6,2.8,20.2,7.1,,,,,,,,,,,,,
238,2022-04-24,18.2,11.1,338,26.3,1449,,,,,,,6.9,200,1754,3.5,230,1803,1.2,1015,11.2,32,1316,68,13.4,990.8,1012.9,2338,1007.6,1531,1010.7,13.4,10.3,,,,,,,,,3,1.8,21.9,4.6,,,,,,,,,,,,,
238,2022-04-25,18.4,11.6,220,26.3,1411,,1.4,2346,6.3,2259,9.1,3.3,290,1515,1.8,140,936,.7,566,11.4,22,1429,69.5,13.6,990.4,1014.5,754,1005.9,2400,1010.4,13.5,2.6,,,,,,,,,9.1,5.8,19.6,5,,,,,,,,,,,,,
238,2022-04-26,17.1,14.3,2351,21.3,1638,,1.4,30,7.3,1,17.5,4.1,140,57,1.9,340,1250,.9,739,15.5,72,1544,91.4,17.6,983.1,1008.7,2359,1000.5,532,1003,13.5,.5,,,,,,,,,8.5,6.6,18.3,8.3,,,,,,,,,,,,,
238,2022-04-27,15.7,8,606,23.3,1524,,,,,,,5.5,290,1750,2.9,290,1755,1,834,4.6,19,1505,53.9,8.8,994,1018.1,2329,1008.6,3,1014.3,13.5,11.8,,,,,,,,,3.8,1.1,16.9,1.9,,,,,,,,,,,,,
238,2022-04-28,15.9,7.4,548,25.6,1358,,,,,,0,7.1,230,1451,3.8,320,1421,1,894,7.2,31,1320,60,10.2,995.2,1019.3,807,1012.1,1357,1015.5,13.6,8,,,,,,,,,5.4,3.3,17.8,3.6,,,,,,,,,,,,,
238,2022-04-29,11.7,8.1,2339,15.8,2,,.7,413,2.8,413,8.3,7.1,110,1010,3.5,70,1028,1.7,1472,6.5,48,15,71.8,9.7,995,1020.3,2332,1012,450,1015.6,13.6,1.9,,,,,,,,,9.3,7.6,15.6,4.1,,,,,,,,,,,,,
238,2022-04-30,12,8.1,3,16.2,1308,,,,,,,6.7,230,1557,2.9,250,1604,1.1,916,7.1,54,1309,73.3,10.1,996.9,1020.4,652,1014.4,1808,1017.6,13.6,.9,,,,,,,,,7.9,5.6,14.7,6.2,,,,,,,,,,,,,
238,2022-05-01,11.9,4.7,557,18.2,1446,,,,,,,9.1,320,1412,3.9,250,1527,1.7,1497,.6,22,1705,52.3,6.6,993.6,1016.7,11,1012,1540,1014.2,13.7,12.2,,,,,,,,,1.6,1.4,14.5,-.3,,,,,,,,,,,,,
238,2022-05-02,12.4,5.9,2351,18.9,1233,,,,,,,9.3,290,1206,4.1,290,1537,1.6,1372,2.2,21,1212,54.6,7.3,993.3,1018.4,2351,1011,1550,1013.9,13.7,10.6,,,,,,,,,3.5,2.5,13.1,-.7,,,,,,,,,,,,,
238,2022-05-03,11.8,2,512,20.9,1541,,,,,,,7.3,200,1319,3,230,1258,1.1,914,.9,19,1623,55.4,6.6,998.9,1021.3,849,1017.5,1554,1019.6,13.7,12.9,,,,,,,,,0,0,15.9,-2.4,,,,,,,,,,,,,
238,2022-05-04,14.8,4.1,542,25.1,1519,,,,,,,6.4,270,1611,3.9,290,1705,1.1,939,4.7,24,1330,57.9,8.6,999,1021.3,637,1016.7,1559,1019.4,13.8,12.8,,,,,,,,,.9,0,18.3,-.8,,,,,,,,,,,,,
238,2022-05-05,16.4,5.9,536,25.8,1457,,,,,,,6,360,1615,3.2,20,1434,1,875,8,30,1430,63.1,10.8,998.2,1021.1,639,1015,1658,1018.5,13.8,13.1,,,,,,,,,1.3,0,20,.7,,,,,,,,,,,,,
238,2022-05-06,17.5,8.7,536,25.9,1427,,,,,,,7.5,360,1501,3.8,290,1548,1.1,911,10.1,38,1231,66.4,12.3,995.9,1018.5,10,1013.1,1738,1016.1,13.8,12.1,,,,,,,,,1.1,.8,21.1,3.2,,,,,,,,,,,,,
238,2022-05-07,15.9,9.6,2352,23.1,1522,,,,,,,8.1,250,1418,3.8,230,1442,1.2,1021,8.7,25,1635,65.9,11.6,996.8,1019.6,2325,1014.8,1548,1017.1,13.8,6.9,,,,,,,,,5.1,3.3,19.9,2.4,,,,,,,,,,,,,
238,2022-05-08,15.9,8.5,47,23,1421,,0,,0,,0,5.1,360,1546,2.5,110,906,1.2,1064,5.8,33,1339,53.9,9.2,997.2,1020.7,738,1014.5,1753,1017.5,13.9,5.6,,,,,,,,,7.3,5.6,19.6,1.8,,,,,,,,,,,,,
238,2022-05-09,15.2,10.3,202,22.3,1618,,.3,128,.8,102,1.8,8.6,70,1624,3.6,90,1632,1.4,1202,7.5,35,1604,64.1,10.4,997.2,1019,755,1015.3,1537,1017.6,13.9,9.1,,,,,,,,,6.1,4.4,21.5,4.2,,,,,,,,,,,,,
238,2022-05-10,17,8.3,503,25.2,1521,,,,,,,7.2,110,1044,3.3,110,1033,1.3,1122,3.3,18,1143,45.5,7.9,995.5,1018.9,650,1012,1647,1015.7,13.9,9.2,,,,,,,,,5.6,3.9,22.5,4.2,,,,,,,,,,,,,
238,2022-05-11,18.2,12.5,418,24.3,1552,,,,,,,5,290,1610,2.4,320,1626,.8,733,9.3,40,1140,57.9,11.7,994.5,1016.2,745,1012.5,1558,1014.6,14,4.1,,,,,,,,,7.9,7,23.2,7.3,,,,,,,,,,,,,
238,2022-05-12,19.4,13.9,520,25.4,1502,,,,,,,4.3,290,2030,2.5,290,2000,.9,773,11.8,44,1357,63.3,13.9,990.5,1014.6,1,1007.3,1805,1010.5,14,1.8,,,,,,,,,9.3,6.6,23.3,11.3,,,,,,,,,,,,,
238,2022-05-13,17.4,14.2,2336,20.7,1257,,0,,0,,0,5.1,250,2317,2.8,290,2324,.9,787,10.9,48,1703,66.3,13.2,987.6,1009.5,2349,1005.4,1633,1007.6,14,.4,,,,,,,,,8.3,7.1,18.4,8,,,,,,,,,,,,,
238,2022-05-14,14.1,6.6,612,21.3,1407,,,,,,,10.6,320,1435,5,290,1439,1.6,1400,1.7,21,1010,47.8,7.1,992.5,1016.6,2357,1009.4,1,1012.9,14.1,10.4,,,,,,,,,5.4,2.1,19.2,-.5,,,,,,,,,,,,,
238,2022-05-15,13.3,6.1,604,20.6,1438,,,,,,,8.9,270,1346,3.7,360,1022,1.2,1077,.3,22,1725,45.3,6.3,993.8,1016.8,708,1010.9,1759,1014.2,14.1,11.2,,,,,,,,,4.1,1.4,20.9,.1,,,,,,,,,,,,,
238,2022-05-16,14.1,3.5,545,23,1557,,,,,,,7.6,250,1428,4,230,1511,1.3,1116,2.2,22,1053,49.6,7.2,992.2,1015.1,58,1009.3,1645,1012.6,14.1,13.3,,,,,,,,,.9,.1,21.1,-2.5,,,,,,,,,,,,,
238,2022-05-17,17.9,5.9,531,26.9,1506,,,,,,,8.3,230,1454,4.2,230,1455,1.3,1166,6.2,20,1511,51.6,9.6,993.6,1016,2354,1011.6,1505,1013.7,14.1,12.7,,,,,,,,,.3,.3,23.2,0,,,,,,,,,,,,,
238,2022-05-18,21.1,10.6,535,27.8,1449,,,,,,,10.2,250,1811,5,230,1808,2.2,1881,5.6,23,1624,40.8,9.2,996.7,1018,635,1014.3,1612,1016.6,14.2,12.8,,,,,,,,,1.5,0,26.3,4.7,,,,,,,,,,,,,
238,2022-05-19,18.7,12.3,523,24.1,1356,,,,,,,7.8,270,1248,3.1,230,1043,1.2,1004,3.6,20,1025,39.5,8,997,1018.3,634,1015.4,1715,1017.1,14.2,1.6,,,,,,,,,7.4,.9,20.9,6.1,,,,,,,,,,,,,
238,2022-05-20,18.3,11.3,605,26.7,1511,,,,,,,5.8,320,1651,3.1,230,1240,1,893,9.7,29,1519,60.3,12.1,993.4,1017.2,25,1010.1,1731,1013.5,14.2,8.6,,,,,,,,,6.1,2.8,25.7,8,,,,,,,,,,,,,
238,2022-05-21,18.5,10.8,604,26.2,1541,,,,,,,6.3,320,1243,3,340,1209,1.3,1100,12.1,42,1457,69.5,14.1,989.6,1012.4,3,1006.4,1722,1009.5,14.2,12.4,,,,,,,,,1.3,0,26.4,6.6,,,,,,,,,,,,,
238,2022-05-22,20.1,11.3,524,27.3,1426,,,,,,,10.1,320,1245,4.4,250,1529,1.5,1305,12.6,39,1049,65.6,14.6,988.2,1009.5,527,1005.9,1805,1008,14.2,13,,,,,,,,,2.4,1.1,27.1,6.6,,,,,,,,,,,,,
238,2022-05-23,21.3,12.9,527,29.1,1438,,,,,,,5.5,320,1425,2.8,250,1544,1.1,937,12.5,40,1422,61.1,14.6,992.2,1015,2328,1009.5,1,1012,14.3,9.9,,,,,,,,,4.3,0,27.2,8.2,,,,,,,,,,,,,
238,2022-05-24,21,11.1,534,30.3,1526,,,,,,,5.8,360,1235,3.2,360,1241,1,838,9.8,22,1536,54.9,12.2,993.6,1016.8,606,1010,1704,1013.5,14.3,13.2,,,,,,,,,.3,0,28.2,6.2,,,,,,,,,,,,,
238,2022-05-25,20.7,13.1,539,28.5,1245,,,,,,,6.7,250,1831,3.4,360,1313,1.3,1160,11.8,36,1211,60.6,13.9,988.7,1012.5,1,1004.9,1646,1008.5,14.3,10.3,,,,,,,,,5,3.3,26.5,8.3,,,,,,,,,,,,,
238,2022-05-26,18.3,12.5,533,24.6,1532,,1,214,2.2,137,2.3,8.4,360,1510,4,360,1439,1.6,1370,8,27,1510,56.3,10.9,984.9,1007.2,726,1002.1,1745,1004.7,14.3,13.1,,,,,,,,,1.8,1.5,25,8,,,,,,,,,,,,,
238,2022-05-27,20.3,14.2,57,26.1,1512,,,,,,,10.2,230,243,4,250,1214,2.2,1903,8.7,30,206,48.9,11.4,982.1,1005.5,2338,1000,1447,1001.8,14.4,13.6,,,,,,,,,1,1,27,6.9,,,,,,,,,,,,,
238,2022-05-28,20.1,10.9,420,28.8,1500,,,,,,,7.7,230,1255,4.5,230,1304,1.3,1128,7.9,20,1547,52,10.8,986.2,1008.2,2317,1004.2,115,1006,14.4,13.1,,,,,,,,,4.4,0,25.8,6.2,,,,,,,,,,,,,
238,2022-05-29,21,9.4,529,29.9,1427,,0,,0,,0,6,320,1436,2.8,290,1526,1,849,10.2,25,1428,54.8,12.6,984.8,1008.3,414,1000.9,1645,1004.6,14.4,12.6,,,,,,,,,4.5,2.4,28.4,4.1,,,,,,,,,,,,,
238,2022-05-30,19.2,16.3,615,22.4,1512,,.3,601,.6,535,.6,5,320,1924,2.8,290,2156,1.2,1079,15.6,69,1339,80,17.7,982.5,1005,2358,1000,1518,1002.3,14.4,0,,,,,,,,,8.6,7.5,23,15.7,,,,,,,,,,,,,
238,2022-05-31,19.1,9.8,551,27.6,1420,,,,,,,6.9,290,1550,3.7,230,1613,1.2,1073,7.5,24,1252,52.6,10.4,988.2,1009.9,2311,1005,1,1008.1,14.4,13.4,,,,,,,,,2.4,.1,27.2,4.3,,,,,,,,,,,,,
238,2022-06-01,20.8,12,527,31.1,1527,,,,,,,7.5,290,1714,3.7,320,1716,1.3,1152,7.3,18,1407,47,10.3,986.2,1009.8,707,1001.5,1647,1005.9,14.5,12.2,,,,,,,,,2.6,.3,29.1,7.9,,,,,,,,,,,,,
238,2022-06-02,20.5,10.1,536,29.1,1321,,,,,,,6,360,1202,3.1,290,1544,1.3,1089,11.6,31,1148,60.8,13.9,987.3,1009,2353,1005.3,1436,1007.1,14.5,13.3,,,,,,,,,1.5,0,29.3,4.6,,,,,,,,,,,,,
238,2022-06-03,23,14.4,510,32.2,1529,,,,,,,6.1,360,1704,2.9,340,1623,1,864,14.1,23,1608,63.4,16.2,989.3,1011.1,2336,1006.5,1526,1009,14.5,10.5,,,,,,,,,1.8,0,31.5,9.5,,,,,,,,,,,,,
238,2022-06-04,23.2,17.2,543,30.5,1513,,,,,,,6.8,140,1832,3.6,160,1834,1.5,1322,12.9,35,1506,54.3,14.9,989.8,1012.7,525,1006,1703,1009.4,14.5,7.1,,,,,,,,,6.9,2.6,31.1,14,,,,,,,,,,,,,
238,2022-06-05,17.8,16.3,2106,20.7,1,,.6,1559,2.1,1559,7.5,5.5,110,1553,3.1,90,1326,1.3,1098,14.4,58,26,81.9,16.5,982.5,1007.2,2,997.4,1956,1002.4,14.5,0,,,,,,,,,9.8,8,19.9,13.4,,,,,,,,,,,,,
238,2022-06-06,18.9,16.1,2400,23.1,1631,,.4,458,1.3,450,1.4,5.9,270,1410,3.5,290,1343,1.3,1165,14.9,57,1729,79.1,17,980.6,1004.7,2301,997.8,615,1000.3,14.5,4.5,,,,,,,,,6.9,6.1,22.8,12.4,,,,,,,,,,,,,
238,2022-06-07,15.9,14.4,418,17.4,739,,4.1,1313,10.7,1228,34,3.3,90,805,2.1,110,802,.8,703,14.1,71,740,89.8,16.1,987.3,1010.3,2319,1004.7,1,1007.5,14.5,.6,,,,,,,,,8,8,17.9,10.4,,,,,,,,,,,,,
238,2022-06-08,18.9,14.2,534,23.9,1607,,0,,0,,0,4.5,90,1714,2.3,50,1336,1.2,997,13.4,49,1627,72.4,15.4,991.2,1013,2319,1009.1,1605,1011.2,14.6,4.7,,,,,,,,,7.1,6.5,21.5,13.7,,,,,,,,,,,,,
238,2022-06-09,20,16,529,26.4,1346,,.4,1838,.6,1801,.6,5.7,20,1526,2.9,360,1535,1.1,926,15.4,47,1342,77,17.5,992.9,1014.3,747,1010.6,1624,1012.7,14.6,6.4,,,,,,,,,5.6,4.1,23.1,13,,,,,,,,,,,,,
238,2022-06-10,21.5,16,336,27.6,1258,,,,,,,4.9,270,1929,1.9,320,1525,1,834,16.1,42,1409,74.5,18.3,993.3,1014.4,616,1011.3,1743,1013.1,14.6,4.3,,,,,,,,,6.8,3.8,23.7,13.8,,,,,,,,,,,,,
238,2022-06-11,21.9,16.4,508,29.4,1423,,0,,0,,0,5.7,340,1333,2.9,20,1339,.8,715,16.6,43,1446,74.4,18.9,991.6,1013.8,1,1008.3,1618,1011.4,14.6,4.8,,,,,,,,,7,4,24.3,13.4,,,,,,,,,,,,,
238,2022-06-12,21.8,15.4,449,27.6,1520,,0,,0,,0,4.6,50,1158,2.3,20,1525,1,859,15.3,47,1521,68.8,17.4,992.2,1014.1,524,1009.6,1713,1012,14.6,7.9,,,,,,,,,7,4,25.2,12,,,,,,,,,,,,,
238,2022-06-13,21.2,18,355,26,1603,,,,,,,7.8,110,1527,4.4,110,1534,2,1760,13.5,42,1812,63.4,15.6,989,1011.8,27,1006.1,1636,1008.7,14.6,7.3,,,,,,,,,8.5,5.3,27.2,15.1,,,,,,,,,,,,,
238,2022-06-14,16.9,15.5,1321,18.8,1,,1,1325,2.5,1256,6.1,7.9,110,55,4.2,110,538,2.2,1921,13.1,63,33,79,15.1,988.2,1009.6,1153,1007,2357,1008.2,14.6,0,,,,,,,,,8.1,8.1,20.4,15,,,,,,,,,,,,,
238,2022-06-15,18.4,14.9,406,22.8,1721,,5.3,1230,9.5,934,26.5,8.6,270,1716,3.1,230,2245,1.2,994,16,69,1746,87.1,18.3,986.4,1007.6,946,1005,1704,1006.3,14.6,2.4,,,,,,,,,7.5,6.6,21.6,15.1,,,,,,,,,,,,,
238,2022-06-16,20.4,16.3,2350,25.4,1619,,0,,0,,0,7,180,5,3.5,230,1245,1.5,1287,14.1,44,1533,68.9,16.1,988.2,1009.2,1030,1006.4,1744,1007.9,14.6,9.4,,,,,,,,,3.6,3.5,24.6,12.1,,,,,,,,,,,,,
238,2022-06-17,22,14.4,359,28.8,1556,,0,,0,,0,6.6,320,1042,3.4,290,1045,1.1,944,17.5,57,1421,77.1,20.1,988,1009.4,612,1004.9,1721,1007.6,14.6,10.2,,,,,,,,,3.6,1.9,26.1,11,,,,,,,,,,,,,
238,2022-06-18,23.9,19.4,436,28.9,1313,,,,,,,7.2,290,1450,3.6,290,1413,1.3,1114,18.8,54,1432,74.9,21.7,987.5,1008.9,2210,1005.2,1638,1007,14.6,9.4,,,,,,,,,6,4.3,26.7,15.2,,,,,,,,,,,,,
238,2022-06-19,23.9,19.2,415,29.3,1503,,,,,,,5.7,290,1728,2.9,340,1646,1,895,19.5,56,1506,78.1,22.7,987.5,1008.9,706,1004.8,1657,1007,14.6,9.2,,,,,,,,,4.9,3.6,28.9,16,,,,,,,,,,,,,
238,2022-06-20,25.5,19.4,513,31.5,1536,,,,,,,5.2,320,1536,2.8,290,1545,.9,778,20.2,50,1521,74.9,23.6,984.4,1006.9,3,1001.1,1736,1003.7,14.6,8.4,,,,,,,,,3.6,3.5,31.1,15.7,,,,,,,,,,,,,
238,2022-06-21,27,21.3,431,33.9,1425,,,,,,,5.4,270,1628,2.8,290,1735,1.2,1037,20.4,41,1418,70.1,24,983.6,1005.9,2317,1000.3,1515,1002.9,14.6,10.7,,,,,,,,,3,2.4,30.2,17.8,,,,,,,,,,,,,
238,2022-06-22,25.9,19.6,549,32.6,1331,,,,,,,7.6,290,1355,3.4,290,1436,1.2,1055,18.7,35,1511,67.9,21.6,987.3,1008.3,703,1005.1,1654,1006.6,14.6,13.3,,,,,,,,,2.9,1,32.6,16,,,,,,,,,,,,,
238,2022-06-23,24.8,20.1,442,29.3,1036,,4.2,1311,7.1,2036,21.9,13.1,200,1939,6.1,180,1943,2,1706,21.6,63,1037,83.3,25.8,981.7,1006.6,1,996.8,2400,1001,14.6,2.1,,,,,,,,,8.5,7.1,26,16.3,,,,,,,,,,,,,
238,2022-06-24,24.5,22.6,345,28.1,1535,,5.4,205,17.7,137,43.1,9.3,250,1613,3.6,250,1434,1.9,1653,20.6,62,1410,80.3,24.4,979.4,1002.5,2229,994.1,324,998.7,14.6,5,,,,,,,,,5.4,4.5,26.9,19.1,,,,,,,,,,,,,
238,2022-06-25,26.1,20.5,508,31.7,1444,,,,,,,6.6,230,1522,3.4,230,1528,1.4,1226,20.8,50,1343,74,24.5,985.2,1007.4,2229,1002,101,1004.5,14.6,7.7,,,,,,,,,3.5,1.9,28.2,16.7,,,,,,,,,,,,,
238,2022-06-26,27.1,22.6,24,30.8,1742,,.2,,.2,,.4,9.1,180,1606,4.2,200,1721,1.7,1501,21.8,59,1637,73.4,26.1,989.4,1011.6,2325,1006,316,1008.7,14.6,3.8,,,,,,,,,7.5,6.5,26.8,19.4,,,,,,,,,,,,,
238,2022-06-27,27,23.9,427,29.6,1231,,.1,,.1,,.1,11.2,200,2310,5.2,200,2316,2.5,2137,21.8,65,1232,74.1,26.2,988.5,1011,1,1005.8,1807,1007.8,14.6,.6,,,,,,,,,9.5,5.6,27,21.5,,,,,,,,,,,,,
238,2022-06-28,28.1,26.7,555,30.8,1320,,,,,,,10.8,140,53,5.2,180,55,3.7,3192,21,59,1259,65.8,24.9,985.1,1006.4,5,1002.8,1537,1004.2,14.6,2.6,,,,,,,,,8.9,4.4,29.1,24.3,,,,,,,,,,,,,
238,2022-06-29,27.6,24.8,706,30,1524,,0,,0,,0,11.2,200,948,5.1,180,240,2.7,2357,21.6,61,1338,70.4,25.9,986.2,1008.3,2355,1003,325,1005.4,14.6,.9,,,,,,,,,7.6,6.3,28.4,23.4,,,,,,,,,,,,,
238,2022-06-30,26.2,22.7,2352,30.2,1411,,1.8,1434,1.9,243,3.8,9.2,180,1434,4.1,180,1656,1.5,1319,22.7,61,1651,82.4,27.7,991.2,1013.4,2253,1008.3,1,1010.6,14.6,2.4,,,,,,,,,7.5,6,28.3,19.2,,,,,,,,,,,,,
238,2022-07-01,26.9,20.8,512,32.9,1517,,,,,,,6,140,1025,3,160,1037,1.1,984,21.7,49,1407,75.6,25.9,994.4,1014.9,556,1012.4,1541,1013.8,14.6,12.2,,,,,,,,,2.5,1,31.1,17.6,,,,,,,,,,,,,
238,2022-07-02,27.8,21.8,456,33.9,1510,,,,,,,5.1,320,1342,2.6,320,1604,.8,710,21.7,40,1127,72.4,26,992.5,1014.4,537,1009.2,1718,1011.9,14.6,8.9,,,,,,,,,3.6,2.6,34.4,18.2,,,,,,,,,,,,,
238,2022-07-03,26,22.2,542,33.2,1434,,17.4,1738,26.1,1732,31.5,6.2,140,1715,3.5,110,1718,1,873,22,49,1224,81.4,26.5,989.1,1010.9,33,1006.2,1539,1008.5,14.6,8.4,,,,,,,,,6.4,3.3,31.4,18.9,,,,,,,,,,,,,
238,2022-07-04,26.1,21.7,617,31.6,1252,,4.8,1840,9.7,1801,10.3,6.3,140,2050,2.9,140,2109,.9,818,22.3,54,1309,82.1,27,985.8,1007.7,34,1002.7,1718,1005.2,14.6,5.5,,,,,,,,,6.8,5.3,28.2,21.7,,,,,,,,,,,,,
238,2022-07-05,26.4,22.5,200,30.7,1303,,,,,,,5.2,290,1315,2.7,290,1424,.7,623,23.6,66,1327,85.5,29.1,985.6,1006.9,2349,1003.4,1725,1004.9,14.6,1.9,,,,,,,,,8.3,6,28.8,22,,,,,,,,,,,,,
238,2022-07-06,28.6,24.3,425,33.7,1631,,,,,,,5.9,140,1124,3,160,1557,1.2,1001,23.2,52,1550,74.1,28.4,987.6,1008.2,801,1005,1704,1006.9,14.5,5.2,,,,,,,,,6.5,3.8,31.6,22.7,,,,,,,,,,,,,
238,2022-07-07,28.6,23.9,530,33.3,1252,,0,,0,,0,11.5,230,1124,6.6,180,1232,2.8,2415,22.3,48,1225,70.5,26.9,986.6,1008.1,216,1004.1,1629,1005.8,14.5,9.6,,,,,,,,,7,3.3,30,22.3,,,,,,,,,,,,,
238,2022-07-08,26.3,22.8,2356,29.8,1652,,.4,214,.6,129,.9,5.8,270,1617,3.2,230,1536,1.1,955,22.5,62,1654,80.8,27.3,983.4,1004.4,34,1000.8,1742,1002.7,14.5,4.2,,,,,,,,,5.5,4.4,30,20,,,,,,,,,,,,,
238,2022-07-09,24.6,21.3,438,28.6,1351,,,,,,,4.2,360,1211,2.2,320,1354,.7,601,21.4,65,1354,83.3,25.5,983.4,1004.7,2335,1001.4,1822,1002.7,14.5,1,,,,,,,,,7,5.4,27.5,19.4,,,,,,,,,,,,,
238,2022-07-10,27.3,21.7,555,33.3,1513,,1.4,2204,4.9,2140,6.8,5,230,1517,3.1,230,1524,.9,748,22.5,49,1601,77.6,27.2,985.1,1005.8,827,1002.2,1724,1004.3,14.5,8.1,,,,,,,,,5.5,3.5,33.1,20.2,,,,,,,,,,,,,
238,2022-07-11,25,23,453,28.3,1426,,.7,640,2.7,630,5.3,3.7,360,1645,2.1,160,1742,.6,559,23.2,71,1519,90.9,28.5,986.1,1007.5,2149,1004.3,314,1005.5,14.5,.2,,,,,,,,,7.3,7.3,27.4,22.6,,,,,,,,,,,,,
238,2022-07-12,26,23.4,320,29.1,1145,,2.2,1200,4,1159,4,3.3,360,1210,1.8,110,2326,.7,621,23.5,71,1053,86.8,28.9,987.7,1008,1035,1006.2,1730,1007,14.5,.1,,,,,,,,,8.5,6,28,22.6,,,,,,,,,,,,,
238,2022-07-13,24.3,22.9,2000,26.3,1300,,3.5,1930,5,1900,7.8,5.9,180,1644,3.1,180,1916,1.4,1169,22.4,77,1055,89.6,27.1,984,1007,238,999.9,1803,1003.4,14.4,0,,,,,,,,,9.1,7.1,25.7,21.8,,,,,,,,,,,,,
238,2022-07-14,25.3,22.3,2357,29,1318,,.3,239,.4,213,.4,6.6,250,22,2.9,270,1331,1.4,1249,22,68,1319,82.6,26.4,980.9,1001.6,2245,998.6,407,1000.1,14.4,4.6,,,,,,,,,6.9,5.9,28.4,20,,,,,,,,,,,,,
238,2022-07-15,24.2,19.4,503,29.5,1647,,,,,,,5.4,360,1052,2.6,360,1109,.9,752,19.8,53,1737,79.1,23.1,980.5,1002.1,645,997.3,1736,999.8,14.4,10.5,,,,,,,,,3.8,1.3,28.2,17.2,,,,,,,,,,,,,
238,2022-07-16,24.3,18.8,608,29.4,1448,,,,,,,7.8,230,1422,4.6,230,1412,1.3,1092,19.6,55,1353,77.1,22.7,979.5,1000.7,2359,997.2,1457,998.8,14.4,9.3,,,,,,,,,4.6,2.4,28.9,16.8,,,,,,,,,,,,,
238,2022-07-17,24.3,19.4,447,28.9,1257,,,,,,,5.6,320,1347,2.8,230,1524,.9,780,20.3,57,1347,79.9,23.9,981.4,1002.4,2209,999.6,1757,1000.8,14.4,3.6,,,,,,,,,8.6,4.3,27.1,17.3,,,,,,,,,,,,,
238,2022-07-18,21.1,20.3,721,23.4,8,,5,1058,16.3,1021,75.2,4.8,110,1333,2.2,160,540,.9,757,20.7,84,454,97.8,24.4,979.9,1002,539,997.3,1654,999.4,14.3,0,,,,,,,,,7.4,7.4,23.2,20.1,,,,,,,,,,,,,
238,2022-07-19,24.5,20.7,129,29.5,1531,,.2,,.4,59,.4,6.4,230,1537,3.3,230,1326,.9,750,21.3,62,1536,84,25.3,983.3,1006.6,2343,999.1,1,1002.6,14.3,5.5,,,,,,,,,6.5,4.6,28.6,20.9,,,,,,,,,,,,,
238,2022-07-20,25.9,21.1,530,31.7,1533,,0,,0,,0,4.7,360,1537,2.1,320,1352,.7,620,21.1,47,1503,77,25,986.4,1007.9,703,1003.5,2357,1005.8,14.3,9,,,,,,,,,7.4,4.1,29.4,20.2,,,,,,,,,,,,,
238,2022-07-21,23.6,22.2,1826,26.7,923,,1.6,222,5,150,10.6,8.6,290,1345,4.2,290,1342,1.6,1420,21.1,75,923,86.5,25.1,982.2,1005.1,2354,998.1,853,1001.6,14.3,.1,,,,,,,,,8.9,8.9,24.8,20.3,,,,,,,,,,,,,
238,2022-07-22,24.1,20.6,607,28.8,1456,,,,,,,6.1,250,1627,2.8,230,1603,1.1,962,19.6,56,1307,77.3,22.8,986.3,1006.9,2243,1004.3,1451,1005.7,14.3,7.6,,,,,,,,,6.9,5.1,28.3,18.6,,,,,,,,,,,,,
238,2022-07-23,23.5,19.6,343,27.7,1328,,2.6,2308,3.2,2259,3.4,5.5,200,1253,3.5,180,1259,1.1,925,20.5,59,1311,84.8,24.1,985.1,1007.1,149,1001.3,2253,1004.6,14.2,1,,,,,,,,,7.9,5,25.7,17.4,,,,,,,,,,,,,
238,2022-07-24,23.9,21,548,27.2,1220,,1.1,5,1.7,1,3,4.8,290,2202,2.6,160,1443,.9,750,22.1,72,1225,90.4,26.7,983,1005.7,2351,1000.8,441,1002.4,14.2,.2,,,,,,,,,6.1,6,26.7,19.1,,,,,,,,,,,,,
238,2022-07-25,26.1,22.5,2347,31,1436,,,,,,,5,320,1437,2.6,290,1603,1,848,21.6,54,1329,78,25.8,988.9,1009.8,2319,1005.7,1,1008.2,14.2,8.9,,,,,,,,,3.9,3.4,29.2,20.1,,,,,,,,,,,,,
238,2022-07-26,26.6,21.4,430,33,1525,,,,,,,4.7,250,1444,2.5,70,1533,.7,641,22,48,1354,78.4,26.4,989.6,1010.7,619,1006.9,1606,1009,14.2,8.3,,,,,,,,,3.3,2.1,27.6,19.5,,,,,,,,,,,,,
238,2022-07-27,26,22.1,2336,31.3,1557,,,,,,,5.8,110,1504,2.8,90,1513,1.3,1097,20.6,50,1630,74.8,24.4,990,1010.8,2331,1007.7,1711,1009.3,14.1,10.4,,,,,,,,,4.5,3.1,31,19.9,,,,,,,,,,,,,
238,2022-07-28,26.5,19.8,549,33.8,1544,,,,,,,6,110,1058,3.2,200,1633,1,898,21.6,47,1637,76.8,25.9,991,1012.3,2344,1008.7,1540,1010.5,14.1,10.4,,,,,,,,,3.1,1.8,32.1,17.6,,,,,,,,,,,,,
238,2022-07-29,28.2,22.6,556,34.2,1409,,,,,,,5.4,70,1643,3.3,110,1714,1.1,917,23,51,1243,75.3,28.1,992,1013.1,600,1009,1743,1011.3,14.1,9.6,,,,,,,,,4.6,1.4,32.9,20.9,,,,,,,,,,,,,
238,2022-07-30,26.9,23,438,30.2,1222,,.2,,.3,1457,.3,7.2,70,915,3.7,90,902,1.5,1309,22.5,64,1005,77.9,27.3,989.5,1011.5,5,1007.1,1803,1008.9,14,4.3,,,,,,,,,7,3,27.5,20.9,,,,,,,,,,,,,
238,2022-07-31,24.9,23.8,434,27,1115,,2.2,424,8,1200,23.8,4.6,140,1,2.1,110,18,.7,638,24,75,39,95.1,29.8,986.1,1007.5,28,1004.4,1846,1005.5,14,.1,,,,,,,,,10,8.5,26.6,23.2,,,,,,,,,,,,,
238,2022-08-01,26.2,23.8,532,30.3,1250,,1.2,2148,2.5,2106,6.5,7.1,50,1603,3.6,110,1615,1.2,1055,23.9,69,1251,88.6,29.7,985.9,1006.7,2319,1002.8,1803,1005.2,14,1.3,,,,,,,,,8,6.6,27.2,23.2,,,,,,,,,,,,,
238,2022-08-02,26.7,24.5,527,30.8,1330,,.8,533,1.9,515,4.9,7.5,140,1248,3.5,200,1508,1.1,969,24.3,66,1330,87.5,30.4,989.9,1011.2,2317,1006.5,1,1009.3,14,2.5,,,,,,,,,8.9,7.6,28.4,22.8,,,,,,,,,,,,,
238,2022-08-03,27.5,23.7,410,32.5,1514,,,,,,,7,250,1253,3.6,230,1259,1,869,23.8,60,1427,81.6,29.4,991,1012,748,1008.8,1752,1010.4,13.9,7.2,,,,,,,,,3.6,2.5,30.7,22,,,,,,,,,,,,,
238,2022-08-04,27.3,23.8,248,32.1,1430,,0,,0,,0,5.6,230,1331,2.9,250,1355,.9,814,24,62,1543,83.9,29.9,990.2,1011.5,717,1007.7,1748,1009.5,13.9,6.8,,,,,,,,,5,3.5,31.2,21.5,,,,,,,,,,,,,
238,2022-08-05,27.2,23.9,336,31.4,1439,,3.2,651,6.3,622,7.7,6.2,200,1212,2.9,230,1259,.8,699,24.4,65,1557,85.6,30.5,987.1,1008.6,1,1004,1644,1006.4,13.9,5.1,,,,,,,,,5.1,3.9,29.1,21.5,,,,,,,,,,,,,
238,2022-08-06,28.3,24,607,33.5,1522,,,,,,,4.9,290,1209,2.4,270,1216,.8,672,24.2,54,1436,80.1,30.1,986.9,1007.4,2356,1004.3,1749,1006.1,13.8,9.6,,,,,,,,,4.1,3.4,31.5,21.8,,,,,,,,,,,,,
238,2022-08-07,27.5,24,2342,33.6,1517,,.3,1721,.3,1721,.3,11.2,230,1721,5.2,230,1727,.9,789,24.2,58,1538,83.8,30.2,987.5,1007.9,657,1005.2,1610,1006.8,13.8,7.2,,,,,,,,,7.1,4.1,31.7,22.5,,,,,,,,,,,,,
238,2022-08-08,28.3,24.1,5,31.5,1145,,,,,,,9.5,160,1139,3.6,180,1147,1.6,1385,22.4,59,1147,71,27,988.2,1008.3,836,1006.3,1825,1007.4,13.8,1.2,,,,,,,,,9.6,4.6,28.4,22.9,,,,,,,,,,,,,
238,2022-08-09,28.1,24.6,704,30.7,1301,,.2,500,.3,410,.4,9.6,180,2325,4,200,2328,1.7,1495,22.1,62,1243,70.6,26.6,987.8,1008.7,655,1005.5,1737,1007,13.8,1.4,,,,,,,,,9.8,,28.3,23,,,,,,,,,,,,,
238,2022-08-10,26,23.8,2312,28,56,,6.8,2152,11.1,2103,30.4,13.6,230,2204,5.6,230,2208,1.6,1409,23.6,67,54,87.6,29.2,986.8,1008.2,2155,1004.9,355,1006.1,13.7,0,,,,,,,,,10,7.4,26.4,22.8,,,,,,,,,,,,,
238,2022-08-11,24.6,23.5,10,26.8,454,,2.4,1113,11.3,1053,45.1,10.4,180,342,3.9,230,1018,1.1,980,23.1,73,454,92,28.2,985.6,1006.4,1,1003.9,1817,1005,13.7,0,,,,,,,,,9.8,9,24.9,23.1,,,,,,,,,,,,,
238,2022-08-12,26.7,23.7,1,31.7,1526,,.9,37,2.3,1,3.3,4.8,230,1133,2.4,230,1133,.8,684,23.3,61,1459,83.5,28.7,986.5,1007.1,955,1003.9,1619,1005.8,13.6,7.5,,,,,,,,,5.3,3.5,29.6,21.6,,,,,,,,,,,,,
238,2022-08-13,25.4,23.4,638,29.1,1126,,1.3,1233,1.9,1231,3.5,4.6,140,1734,2.4,160,903,.5,452,23.6,70,1125,90.8,29.2,986.4,1007.4,800,1004.6,1748,1005.7,13.6,1,,,,,,,,,7.4,3.3,27,21.4,,,,,,,,,,,,,
238,2022-08-14,26.3,22.7,548,31.1,1251,,9.4,413,23.4,330,24.4,7.1,230,359,2.7,200,352,.6,512,23.9,63,1252,87.9,29.7,986.6,1006.9,1002,1005.2,1822,1005.9,13.6,1.1,,,,,,,,,8.9,7.4,27,22.2,,,,,,,,,,,,,
238,2022-08-15,28.4,24.2,106,31.1,1019,,0,,0,,0,11.7,180,2217,4.9,200,1718,2.4,2092,22.4,61,1020,70.6,27.1,983.3,1006.2,24,999.7,1816,1002.4,13.6,1.9,,,,,,,,,9.3,6.3,27.3,21.2,,,,,,,,,,,,,
238,2022-08-16,24.4,22.2,151,28.3,1,,17,204,39.7,122,60.7,7.6,20,39,3.6,180,219,.8,657,23,72,1,92.8,28.2,984.6,1005.6,2123,1000.6,2,1004,13.5,.5,,,,,,,,,9.1,,26.3,22,,,,,,,,,,,,,
238,2022-08-17,25,22.2,2347,29.9,1416,,0,,0,,0,5.6,290,1713,2.9,290,1607,.9,771,21.9,59,1424,84.1,26.3,986.4,1007.7,2315,1003.4,1539,1005.7,13.5,4.7,,,,,,,,,5.8,3.8,26.7,20.1,,,,,,,,,,,,,
238,2022-08-18,23.9,19.2,502,29.7,1545,,,,,,,4.5,320,1504,2.4,340,1505,.7,594,20,52,1344,81.3,23.4,988,1009,718,1006.4,1513,1007.5,13.5,7.1,,,,,,,,,5.1,2.5,25.6,17.6,,,,,,,,,,,,,
238,2022-08-19,26,19.3,329,30.3,1427,,,,,,,7.7,270,1204,3.7,230,1228,1.2,996,21.9,64,1151,79.3,26.3,984.3,1007.6,1,1000.9,1819,1003.6,13.4,2.8,,,,,,,,,8.3,5,26.4,17.6,,,,,,,,,,,,,
238,2022-08-20,25.8,22.9,2342,29.5,1611,,9.1,615,26.1,601,32.2,12.2,230,645,5.7,230,646,.9,811,23.4,68,1642,87.4,28.8,982.8,1004.1,2331,1000.2,540,1002.1,13.4,3.3,,,,,,,,,6.8,5.8,27.5,20.4,,,,,,,,,,,,,
238,2022-08-21,25.8,22.1,2337,31.2,1424,,,,,,,4.4,90,1022,2.2,110,1024,.8,686,21.7,55,1512,80.4,25.9,985.3,1005.8,903,1003.2,1720,1004.7,13.3,6.4,,,,,,,,,4.6,2.8,27.1,20,,,,,,,,,,,,,
238,2022-08-22,26,21.7,125,31.5,1443,,,,,,,4.9,320,1732,2.5,290,1427,.8,695,21.9,54,1456,80.1,26.3,985.1,1006,804,1002.6,1736,1004.4,13.3,7.2,,,,,,,,,7.5,5.5,28.2,19.8,,,,,,,,,,,,,
238,2022-08-23,23.7,22.8,1523,24.8,836,,2,1508,6.3,1450,18.7,3.5,140,1120,2,140,1125,.4,318,23,88,804,96.3,28.1,986.1,1007.1,2147,1004.3,224,1005.6,13.3,0,,,,,,,,,7.8,6.6,25.1,22.8,,,,,,,,,,,,,
238,2022-08-24,22,19.1,2317,24.3,1506,,.2,,.2,,.6,7,110,1020,3,90,1014,1.1,976,19.4,71,1507,86.3,22.6,987.9,1009.4,958,1006.3,313,1007.6,13.2,1,,,,,,,,,7.5,6.9,25.1,17.2,,,,,,,,,,,,,
238,2022-08-25,21.8,18.3,2358,27.8,1314,,,,,,,6,290,1644,2.5,290,1844,.9,767,18.4,59,1359,82.5,21.2,987.8,1009.2,2140,1005.4,1531,1007.5,13.2,1.9,,,,,,,,,9,5.8,23.3,16.9,,,,,,,,,,,,,
238,2022-08-26,21.5,15.6,511,27.8,1434,,,,,,,4.8,360,1507,2.2,290,1341,.9,737,16.9,49,1439,77.3,19.3,987.9,1009.3,2337,1005.3,1518,1007.6,13.2,10.7,,,,,,,,,3.5,1.5,24.6,12.8,,,,,,,,,,,,,
238,2022-08-27,20,14.2,2352,25.6,1406,,,,,,,6.1,290,1700,3.2,290,1705,1.1,917,13.2,33,1335,69.8,15.5,990.3,1013.8,2343,1008,320,1010.2,13.1,7.9,,,,,,,,,3.4,2.8,23.8,11,,,,,,,,,,,,,
238,2022-08-28,20.1,12.9,604,28,1512,,,,,,,6,110,1142,2.8,160,1406,.8,732,13.8,38,1333,71.3,15.8,994.4,1016,747,1012.4,1651,1014.4,13.1,11.9,,,,,,,,,3.6,1.6,23.9,10.1,,,,,,,,,,,,,
238,2022-08-29,18.8,16.9,402,20.4,1134,,.3,1511,.6,1421,1.3,3.7,160,1010,2,160,1011,.8,663,16.3,73,1027,85.9,18.6,995.4,1016.9,1153,1014.5,1744,1015.5,13.1,0,,,,,,,,,10,6.4,21.5,15.2,,,,,,,,,,,,,
238,2022-08-30,19.3,18,629,20.8,1307,,1.6,2052,3.8,2009,14.3,3.6,140,1408,1.8,140,1226,.8,688,18.3,86,145,93.9,21,990.4,1015.3,1,1007.2,2321,1010.3,13,0,,,,,,,,,9.9,9.6,21.7,17.7,,,,,,,,,,,,,
238,2022-08-31,20.5,19.2,2321,22.4,1517,,.7,210,2.5,518,11.4,3.3,270,1511,1.5,270,1529,.4,341,19.7,83,1605,95.6,22.9,988.3,1010.5,2237,1006.3,210,1008.1,13,0,,,,,,,,,9.5,9.3,22.8,17.8,,,,,,,,,,,,,
238,2022-09-01,20.9,17,2344,25.4,1552,,,,,,,4,360,1428,2.3,20,1431,.6,493,18.6,66,1553,88.4,21.5,993.4,1015.6,2356,1010.4,28,1013.2,13,1.6,,,,,,,,,8.6,3.9,23,13.5,,,,,,,,,,,,,
238,2022-09-02,20.8,14.9,442,25.7,1359,,,,,,,8.5,110,1718,3.9,110,1111,1.6,1410,16.9,62,1359,80,19.3,995.5,1016.2,650,1013.7,1430,1015.3,12.9,1,,,,,,,,,7.1,6.6,22.2,13.2,,,,,,,,,,,,,
238,2022-09-03,22.6,20.3,535,26.9,1342,,.3,1938,.3,1932,.3,7.6,50,1030,4.3,140,1329,2.1,1853,18.2,61,1339,77.3,21,993.8,1015.3,1,1012,1551,1013.5,12.9,5.6,,,,,,,,,5.6,4.1,24.4,17.5,,,,,,,,,,,,,
238,2022-09-04,24.1,20,315,29.4,1449,,.1,,.1,,.1,6.5,180,1431,3.9,180,1437,1.3,1128,20.8,61,1410,82.8,24.6,989.6,1013.4,10,1006.5,1505,1009.1,12.8,.6,,,,,,,,,9.3,6.4,24.6,17.5,,,,,,,,,,,,,
238,2022-09-05,22.6,20.6,2400,24.5,1237,,1.4,2207,6.6,2148,35.4,4.8,320,2358,2.6,290,2400,.4,381,22.3,92,2306,98.1,26.9,983.7,1008.4,13,995.7,2400,1003.1,12.8,0,,,,,,,,,10,9.4,24,20.6,,,,,,,,,,,,,
238,2022-09-06,20,16,2254,25.3,1452,,3.4,708,7.4,337,32,12.2,320,619,4.5,320,626,2,1755,16.8,56,1455,83.8,19.1,984.5,1014.4,2348,991.1,455,1004.3,12.8,5.5,,,,,,,,,5.8,5.3,22.7,11.9,,,,,,,,,,,,,
238,2022-09-07,18.9,14,536,27.2,1518,,,,,,,5.8,50,1401,3.2,360,1345,.8,692,13.9,30,1351,77.8,16,997.2,1019.2,2310,1014.4,1,1017.3,12.7,9.8,,,,,,,,,3.1,2.3,22.4,11.7,,,,,,,,,,,,,
238,2022-09-08,19.3,11.6,550,28.6,1526,,,,,,,4.8,50,1433,2.2,20,1548,.6,560,14.2,36,1650,77.1,16.3,997.7,1020.2,733,1015.1,1525,1017.8,12.7,9.7,,,,,,,,,4.1,2.6,22,9.9,,,,,,,,,,,,,
238,2022-09-09,20.6,14.2,610,28.1,1515,,,,,,,5.4,90,1654,2.6,70,1600,.9,767,15.2,40,1551,74.8,17.3,997.2,1018.7,749,1014.9,1737,1017.1,12.7,8.9,,,,,,,,,5.5,3.9,23.1,12.9,,,,,,,,,,,,,
238,2022-09-10,19.6,16.1,517,24.9,1348,,,,,,,5.7,140,1416,2.9,90,1405,1.1,938,15,56,1307,76.3,17.1,997.2,1018.8,651,1015.3,1601,1017.2,12.6,1.9,,,,,,,,,9.1,5.6,22,14.3,,,,,,,,,,,,,
238,2022-09-11,22.1,15.7,627,28.8,1515,,,,,,,4.3,90,1523,2.4,70,1542,.7,609,17.4,52,1448,76.9,20,994.5,1017.3,1,1012.1,1530,1014.3,12.6,7.6,,,,,,,,,7.9,5.4,24.2,13.6,,,,,,,,,,,,,
238,2022-09-12,21.7,19.6,332,24.3,1315,,.1,,.3,521,.4,3.3,140,1407,1.9,180,1626,.5,447,19.7,74,1204,89.3,23,994.1,1014.6,832,1012.6,1554,1013.9,12.6,0,,,,,,,,,9.1,5,23.4,18.8,,,,,,,,,,,,,
238,2022-09-13,23.6,19.3,554,27.8,1251,,0,,0,,0,5.2,110,1301,2.8,70,1242,1.1,924,18.1,52,2315,73.9,21,995,1016,2051,1013.7,230,1014.7,12.5,1,,,,,,,,,9.9,5.3,24.4,18.6,,,,,,,,,,,,,
238,2022-09-14,23.4,19.6,620,27.4,1443,,,,,,,10,110,1029,5,110,1021,2.4,2043,13.1,36,920,53.8,15.2,995.2,1016.2,712,1013,1602,1015,12.5,5,,,,,,,,,8,2.6,23.3,17,,,,,,,,,,,,,
238,2022-09-15,24.5,19.1,453,30.4,1436,,,,,,,7.5,70,1250,4,110,232,2.2,1859,18,54,1317,68.1,20.7,991.1,1014.8,1,1008,1457,1010.7,12.4,9.3,,,,,,,,,5.9,1.4,25.8,15.8,,,,,,,,,,,,,
238,2022-09-16,24.8,19.6,606,31.1,1427,,,,,,,5.3,110,1213,2.9,110,1313,1.4,1176,20.1,57,1411,76.1,23.7,988.5,1009.5,16,1005.9,1408,1008,12.4,7.7,,,,,,,,,6.4,3.9,26.6,17,,,,,,,,,,,,,
238,2022-09-17,25.9,21.4,439,31.6,1416,,0,,0,,0,4.3,320,1023,2.5,50,1548,.7,635,21.4,52,1408,78.5,25.5,988,1009.6,849,1005,1539,1007.3,12.4,7.5,,,,,,,,,6.4,4.4,28.2,18.7,,,,,,,,,,,,,
238,2022-09-18,26.7,22.5,618,31.9,1422,,0,,0,,0,8.7,20,1552,3.8,90,1325,1.5,1311,21.4,55,1311,74.4,25.5,982.4,1006.6,1,996.8,2359,1001.6,12.3,4.4,,,,,,,,,9.5,6.1,29,21.3,,,,,,,,,,,,,
238,2022-09-19,24.1,17.6,2359,28.9,1452,,,,,,,9.1,360,1149,4.2,360,1438,2.1,1817,17.4,51,1616,66.8,20.1,980,1007.1,2346,995,337,999.3,12.3,6.6,,,,,,,,,4.9,2.8,27.3,12.3,,,,,,,,,,,,,
238,2022-09-20,17.5,12.3,619,23.9,1453,,,,,,,7.4,110,1053,3.8,90,1028,1.2,1035,10.7,38,1339,68.4,12.9,992.7,1015.9,2336,1007.1,1,1012.8,12.3,8.1,,,,,,,,,4.1,2.4,23.8,8.5,,,,,,,,,,,,,
238,2022-09-21,16.2,9.7,541,23.9,1548,,,,,,,6.2,110,1433,2.7,90,1048,1,873,10.5,37,1421,72.9,12.7,996.8,1018.9,847,1015.1,1526,1017.2,12.2,11.3,,,,,,,,,0,0,22.7,5.8,,,,,,,,,,,,,
238,2022-09-22,15.9,8.5,601,23.3,1347,,,,,,,4,180,1336,2.3,160,1244,.7,609,10.4,34,1306,73.6,12.7,995.2,1018.5,722,1012.5,1611,1015.5,12.2,6.7,,,,,,,,,7.3,4,21.4,4.6,,,,,,,,,,,,,
238,2022-09-23,16.1,11.4,625,23.6,1240,,,,,,,8.8,290,1453,4.6,290,1551,1.3,1140,11.8,47,1545,77.1,13.9,993.4,1016.8,2347,1010.9,1425,1013.7,12.1,8.1,,,,,,,,,5.9,.9,21,5.2,,,,,,,,,,,,,
238,2022-09-24,15.6,8.9,620,23,1520,,,,,,,7.3,360,1329,3.4,360,1331,.9,795,9.3,34,1527,70.4,11.8,996.9,1019.1,757,1015.3,1608,1017.3,12.1,9.2,,,,,,,,,6.6,4.1,20.6,5.6,,,,,,,,,,,,,
238,2022-09-25,16.8,12.2,605,23.4,1452,,,,,,,3.4,270,1527,1.8,360,1503,.7,577,12.4,50,1454,77.5,14.4,996.2,1018.1,911,1014.5,1435,1016.4,12.1,2.4,,,,,,,,,9.4,5.6,21.9,10.9,,,,,,,,,,,,,
238,2022-09-26,16.9,13.2,458,23.6,1629,,,,,,,3.2,320,1423,1.7,180,1210,.5,469,13.2,45,1620,81.3,15.2,996.6,1018.2,834,1015.1,1610,1016.8,12,2,,,,,,,,,8.9,5.3,21.1,11.2,,,,,,,,,,,,,
238,2022-09-27,17.6,11.9,653,27.3,1545,,,,,,,4.3,160,1223,2.3,90,1437,.8,663,11.9,34,1549,75.1,13.9,995.4,1017.5,38,1012.6,1557,1015.5,12,8.7,,,,,,,,,1.9,1.9,23.3,7.7,,,,,,,,,,,,,
238,2022-09-28,16.9,11.6,301,24.7,1446,,,,,,,3.9,270,1443,1.9,320,1337,.5,462,13.5,54,1447,82.8,15.5,994,1015.8,115,1012.1,1518,1014.2,12,3.7,,,,,,,,,5.5,2.5,20.7,7.2,,,,,,,,,,,,,
238,2022-09-29,17.6,12.8,108,26.2,1513,,,,,,,3.8,360,1624,1.9,270,1504,.6,550,13.6,42,1537,81.3,15.6,994.7,1016.5,2344,1012.4,1545,1014.8,11.9,7.4,,,,,,,,,2.8,2.8,23.2,8,,,,,,,,,,,,,
238,2022-09-30,17.6,11.4,315,29,1421,,,,,,,3.3,360,1625,1.7,50,1246,.6,533,11.9,20,1430,76.1,14,996.1,1018,741,1013.5,1542,1016.3,11.9,8,,,,,,,,,2.3,1.6,22.8,6.8,,,,,,,,,,,,,
238,2022-10-01,18.1,11.1,402,27.8,1418,,,,,,,2.9,290,1510,1.5,50,1157,.6,480,13,28,1424,77.1,15,997.7,1019.8,832,1015.7,1608,1017.9,11.8,7.5,,,,,,,,,4.6,2.1,22.2,5.8,,,,,,,,,,,,,
238,2022-10-02,20.7,14.7,556,28.6,1415,,0,,0,,0,6.6,180,1421,3.2,180,1438,.8,716,13,23,1419,67.1,15.2,996.4,1019.3,852,1013.5,1706,1016.3,11.8,3.5,,,,,,,,,8.9,4.5,23.1,11.3,,,,,,,,,,,,,
238,2022-10-03,23.2,17.9,401,27.3,1243,,2.3,410,5.1,352,17.7,9.5,200,1118,5.2,200,1126,1.5,1310,19.5,62,1459,81.5,22.8,993.5,1016.5,838,1010.6,1750,1013.2,11.8,.7,,,,,,,,,8.6,6.5,23.2,17.4,,,,,,,,,,,,,
238,2022-10-04,19.5,15.3,2355,25.5,414,,3.8,453,12.7,450,29,13.8,200,401,5.9,200,358,1.8,1538,17.2,70,404,87.3,19.9,992.7,1017.7,2351,1006.8,426,1012.7,11.7,.1,,,,,,,,,9.3,8.3,22,15.8,,,,,,,,,,,,,
238,2022-10-05,15.2,12.3,722,20.4,1410,,.2,,.3,717,.4,5.2,270,1441,2.5,290,1443,.9,808,11.4,53,1444,79.9,13.5,999,1021.1,1006,1016.6,1601,1019.4,11.7,5.3,,,,,,,,,7.9,5.9,19.9,10.1,,,,,,,,,,,,,
238,2022-10-06,15.5,12.6,441,20.2,1402,,,,,,,5.2,270,1445,3,290,1458,.8,729,11.9,57,1313,80.1,13.9,998.3,1021.3,23,1016.1,1539,1018.7,11.6,2.9,,,,,,,,,9.1,6.4,18.9,12.6,,,,,,,,,,,,,
238,2022-10-07,15.1,11.1,2348,19.3,1505,,,,,,,7.4,20,1333,3.9,20,1341,1.2,1025,9.5,42,1333,71.4,11.9,998.9,1023.3,2323,1017.1,1445,1019.3,11.6,7.8,,,,,,,,,6.1,4,19.1,6.2,,,,,,,,,,,,,
238,2022-10-08,14.4,6.5,649,21.2,1439,,,,,,,5.8,110,1229,2.9,110,1601,1.2,1015,8.2,39,1440,70.3,10.9,1002.9,1025.4,736,1021,1552,1023.5,11.6,9.9,,,,,,,,,2.4,1.6,17.4,2.6,,,,,,,,,,,,,
238,2022-10-09,12.2,10.2,2357,13.6,1343,,.6,858,1.3,831,9.9,8.3,290,2134,4.4,290,2142,.6,543,11.1,80,5,93.3,13.2,997.5,1024.1,111,1014,1905,1018.2,11.5,0,,,,,,,,,9.6,8.5,16.2,8,,,,,,,,,,,,,
238,2022-10-10,10.5,8.3,1811,13.9,1100,,.6,1631,1,1628,2.3,10.9,290,1352,5.1,290,1357,2.1,1829,5.8,46,1211,74.3,9.3,994.9,1017.6,2350,1013.9,1539,1015.6,11.5,5.2,,,,,,,,,6.6,5.8,15.4,7.7,,,,,,,,,,,,,
238,2022-10-11,10.8,5.9,2354,17.3,1532,,,,,,,5.7,360,1032,2.9,290,800,1.3,1132,6.4,47,1556,76.5,9.6,1000.9,1025.7,2307,1017.6,1,1021.8,11.5,8.9,,,,,,,,,2,1.9,15.3,.7,,,,,,,,,,,,,
238,2022-10-12,10.8,4.6,201,20.9,1540,,,,,,,4.2,70,1634,2.1,90,1608,.8,675,7.3,43,1537,82.8,10.3,1005.5,1027.8,813,1024.5,1538,1026.4,11.4,7.7,,,,,,,,,3.8,3.8,15.4,-.1,,,,,,,,,,,,,
238,2022-10-13,12.6,6.6,250,21.6,1549,,,,,,,4.9,110,1423,2.4,50,1432,.8,677,9.3,46,1534,83.9,11.8,1003.8,1028.2,36,1021.5,1719,1024.6,11.4,8.4,,,,,,,,,3.3,2,16,2,,,,,,,,,,,,,
238,2022-10-14,14.1,8,624,22.9,1525,,,,,,,4.3,360,1611,2.5,20,1656,.7,627,10.2,35,1410,81.3,12.5,999.4,1023,143,1017.1,1441,1020,11.3,6.9,,,,,,,,,7.1,5.9,17.1,3,,,,,,,,,,,,,
238,2022-10-15,16.3,10.6,531,25.1,1523,,,,,,,3.6,360,1614,1.7,360,1236,.5,468,12,36,1459,80.3,14.1,998.4,1020.7,903,1016.2,1438,1018.7,11.3,7.3,,,,,,,,,6.9,6.1,18.5,6.2,,,,,,,,,,,,,
238,2022-10-16,17,11.9,626,23.4,1313,,,,,,,6.6,360,1447,3.1,290,1512,.8,722,13.6,58,1315,82.3,15.6,997.7,1019.7,811,1016.1,1339,1017.9,11.3,4.6,,,,,,,,,7.9,5.1,18.6,7.6,,,,,,,,,,,,,
238,2022-10-17,12,5.6,2359,16,6,,0,,0,,0,9.2,290,1304,5.3,290,1541,1.9,1639,3.3,21,1531,59.1,8.2,998.7,1022.2,2350,1017.5,4,1019.4,11.2,7.8,,,,,,,,,3.4,2.3,16.4,.8,,,,,,,,,,,,,
238,2022-10-18,6.5,.4,629,14.4,1440,,,,,,,6.6,290,1428,3,320,1243,1,836,.2,31,1529,68.9,6.2,1002.2,1025.2,2355,1021.3,1455,1023.5,11.2,.3,,,,,,,,,0,0,12.2,-2.5,,,,,,,,,,,,,
238,2022-10-19,6.4,-.6,631,15.9,1459,,,,,,,6.6,290,1209,3,360,1322,.8,667,1.1,31,1336,74.8,6.7,1005.6,1028.9,2323,1024.8,1514,1026.9,11.2,,,,,,,,,,0,0,12.1,-1.9,,,,,,,,,,,,,
238,2022-10-20,8.3,.3,409,19.6,1509,,,,,,,4.1,320,1434,2,290,1359,.6,559,2.7,26,1513,74.8,7.5,1007.1,1031.2,822,1025.1,1523,1028.3,11.1,,,,,,,,,,3.8,3.8,13.3,-3.3,,,,,,,,,,,,,
238,2022-10-21,10.7,3.1,658,17.6,1541,,,,,,,3.6,290,1322,2,360,1345,.4,378,6.7,41,1538,78.8,9.9,1004.1,1027.6,208,1022.9,1504,1025,11.1,3.3,,,,,,,,,8.8,7.9,12.8,-.1,,,,,,,,,,,,,
238,2022-10-22,12.9,7.3,648,21.1,1401,,,,,,,5.8,20,1340,2.7,340,1314,.8,708,8.1,35,1304,77.1,10.8,1000.5,1023.8,8,1018.4,1501,1021.1,11.1,9.2,,,,,,,,,4.4,2.5,15,3.2,,,,,,,,,,,,,
238,2022-10-23,11.2,4.8,2344,18.8,1428,,,,,,,5.9,360,1436,2.7,320,1205,.8,733,6.6,44,1402,76.3,9.8,998.3,1021.3,2301,1016.3,1427,1019,11,6.7,,,,,,,,,4,3.6,14.5,-1.5,,,,,,,,,,,,,
238,2022-10-24,7.4,2.3,407,15,1318,,,,,,,7.3,20,1243,3.6,290,1251,1.1,909,.8,29,1627,67.5,6.5,1000.6,1025.4,2324,1019.3,1412,1021.7,11,9.7,,,,,,,,,2,1.6,11.8,-2.9,,,,,,,,,,,,,
238,2022-10-25,6.9,-1.1,649,16.4,1429,,,,,,,6.9,70,1348,3.1,90,1356,.9,769,1,34,1436,70.9,6.6,1006.9,1030.2,841,1025.4,1,1028.1,10.9,,,,,,,,,,0,0,10.9,-5.3,,,,,,,,,,,,,
238,2022-10-26,8.6,0,707,18,1349,,,,,,,3.7,290,1544,1.9,290,1544,.5,446,3.2,35,1347,73.9,7.8,1006.7,1030.8,743,1025.1,1513,1027.9,10.9,,,,,,,,,,4,2.4,11.5,-3.8,,,,,,,,,,,,,
238,2022-10-27,10.3,3.6,702,19.9,1438,,,,,,,5.2,360,1455,2.7,360,1330,.6,558,4.9,35,1411,74,8.7,1004.8,1027.3,933,1023,1427,1025.7,10.9,10.1,,,,,,,,,1.9,1.6,12.8,-.8,,,,,,,,,,,,,
238,2022-10-28,,2.5,604,20.3,1411,,,,,,,3.2,270,1457,1.7,340,1549,.5,424,,28,1412,,,1005.1,1028.1,847,1023.3,1558,,10.9,8.6,,,,,,,,,2.5,,13,-.9,,,,,,,,,,,,,
238,2022-10-29,,6.8,2351,20.2,1348,,,,,,,3,360,1424,1.6,160,1313,.4,352,,35,1539,,,1005.3,1026.5,2351,1023.6,1535,,10.8,,,,,,,,,,4.1,,12.7,-.9,,,,,,,,,,,,,
238,2022-10-30,10.6,3.1,655,20,1511,,,,,,,4.7,90,1310,2.4,70,1337,.6,498,6.1,37,1313,77.8,9.4,1004.6,1027.8,755,1022.7,1449,1025.5,10.8,8.1,,,,,,,,,1.8,.9,13,-.7,,,,,,,,,,,,,
238,2022-10-31,10.6,4.9,642,19.5,1352,,,,,,,4.6,140,1206,2,180,1215,.5,471,6.3,41,1532,78.5,9.6,1003.4,1026.6,814,1021.6,1429,1024.3,10.8,8.6,,,,,,,,,4,2,13.2,.8,,,,,,,,,,,,,
238,2022-11-01,10.3,3.8,511,18.3,1420,,,,,,,5.8,360,1410,2.8,340,1416,.6,542,7.1,54,1405,82.8,10.1,1001.4,1024.5,834,1019.8,1521,1022.3,10.7,6.5,,,,,,,,,2.1,1.1,12.4,-.6,,,,,,,,,,,,,
238,2022-11-02,8.8,3.3,2400,19.5,1445,,,,,,,5,360,1542,2.4,340,1514,.6,557,3,21,1536,73.9,7.6,1000.1,1024.1,845,1018.2,1428,1021.1,10.7,6.6,,,,,,,,,3.8,3.8,12.2,-4,,,,,,,,,,,,,
238,2022-11-03,8.4,0,618,17.4,1322,,,,,,,5.7,290,1532,3.3,290,1554,.9,749,1.4,29,1342,66.5,6.8,998.8,1021.6,816,1017.4,1324,1019.8,10.7,4,,,,,,,,,5.4,4.5,11.1,-4.3,,,,,,,,,,,,,
238,2022-11-04,5.2,-1.2,2328,10.8,1335,,,,,,,7.1,290,1511,3.3,290,1348,1.3,1151,-4,22,1521,55.5,4.7,1002,1025.9,2235,1020.5,1,1023.4,10.6,9.9,,,,,,,,,1.9,.9,9.1,-7.3,,,,,,,,,,,,,
238,2022-11-05,3.6,-4.6,603,13.5,1526,,,,,,,5.7,20,1148,2.8,360,1458,.7,592,-3.3,25,1347,66.1,4.8,1004.6,1028.2,906,1023.4,1452,1026.1,10.6,10,,,,,,,,,.1,0,7.2,-10.5,,,,,,,,,,,,,
238,2022-11-06,5.3,-2.1,644,15.7,1349,,,,,,,5.5,340,1208,2.5,360,1220,.7,592,.7,40,1341,75.5,6.5,1003.9,1028.1,839,1022.4,1656,1025.3,10.6,8.4,,,,,,,,,2,1.4,8.3,-7.7,,,,,,,,,,,,,
238,2022-11-07,7.5,-.7,601,17.9,1515,,,,,,,4.3,360,1615,1.5,140,1321,.4,377,.9,20,1309,69.3,6.6,1002.6,1026.1,840,1020.2,1500,1023.7,10.5,6.7,,,,,,,,,3.4,1.9,10,-5,,,,,,,,,,,,,
238,2022-11-08,8.9,2.8,543,18.5,1425,,,,,,,4.4,360,1532,2.3,360,1251,.6,485,3.5,37,1559,72,7.9,1004.1,1026.8,921,1022.8,1435,1025.2,10.5,6.4,,,,,,,,,3.9,3.1,11.2,-2.2,,,,,,,,,,,,,
238,2022-11-09,7.5,.7,557,17.5,1353,,,,,,,5.2,340,1451,2.7,340,1435,.5,464,3,40,1348,77.3,7.6,1004.8,1028.3,844,1023,1442,1025.9,10.5,5.1,,,,,,,,,6.1,2.6,10.1,-4.3,,,,,,,,,,,,,
238,2022-11-10,9,.9,715,19.5,1456,,,,,,,3.8,270,1417,1.3,160,1423,.4,354,3.3,37,1440,72.1,7.8,1004.1,1027,827,1022.2,1412,1025.1,10.4,9.1,,,,,,,,,2.8,1.6,10.1,-3.6,,,,,,,,,,,,,
238,2022-11-11,10.9,2.8,629,22,1448,,,,,,,2.9,360,1507,1.6,20,1507,.3,267,5.4,36,1428,73.6,9,1004.5,1028.1,831,1022.8,1455,1025.5,10.4,8.1,,,,,,,,,2.6,.9,10.9,-1.4,,,,,,,,,,,,,
238,2022-11-12,15.5,4.7,609,23.9,1324,,,,,,2.1,10.4,180,1805,5.6,180,1758,1.7,1470,10.7,49,1249,76,13.3,996.4,1024.9,27,1009,2336,1016.7,10.4,3.3,,,,,,,,,7.8,5.1,13.6,.5,,,,,,,,,,,,,
238,2022-11-13,11.2,8.5,2222,19.1,49,,,,,,11.8,8.2,290,346,3.5,290,430,1.5,1300,8.5,66,1554,84,11.4,994.7,1019.9,2255,1008.7,28,1015.4,10.3,.1,,,,,,,,,9.6,9.3,13.6,6.5,,,,,,,,,,,,,
238,2022-11-14,9,6.5,2357,13.2,1426,,,,,,0,6.9,320,1744,3.1,270,1340,1,871,5.3,56,1459,79.3,9,997.5,1019.9,250,1016.1,1504,1018.4,10.3,1.2,,,,,,,,,4.5,3.6,11,1.9,,,,,,,,,,,,,
238,2022-11-15,6.5,0,659,13.4,1412,,,,,,,6.2,360,1217,2.8,320,1231,.8,693,2.1,48,1338,75.9,7.1,997,1019.4,827,1015.8,1408,1018.1,10.3,6.9,,,,,,,,,2.8,1.6,8.3,-3.9,,,,,,,,,,,,,
238,2022-11-16,7,2.6,2336,13.7,1250,,,,,,2.8,6.8,290,1336,3.4,290,1318,.8,698,3.5,40,1356,82,7.9,999.9,1023.6,2341,1018.4,1,1021,10.3,5.1,,,,,,,,,4.3,3.3,9.5,-3.1,,,,,,,,,,,,,
238,2022-11-17,6.4,.9,648,15.7,1423,,,,,,,5.4,360,1537,1.7,50,1543,.5,438,1.4,32,1426,75.6,6.8,1003.1,1026.6,2343,1021.9,1429,1024.4,10.2,8.7,,,,,,,,,2.8,2.5,8,-4.4,,,,,,,,,,,,,
238,2022-11-18,6,-1.5,555,18.7,1525,,,,,,,3.2,340,1623,2,360,1625,.4,352,.2,20,1526,73.5,6.2,1005.1,1029.2,841,1023.1,1524,1026.4,10.2,7.1,,,,,,,,,0,0,7.5,-6.7,,,,,,,,,,,,,
238,2022-11-19,7.6,-1.1,627,18.7,1342,,,,,,,3.9,110,1542,2.1,110,1548,.5,390,2.3,31,1435,73.6,7.3,1001.8,1026.6,300,1018.7,1531,1022.9,10.2,8.7,,,,,,,,,3.8,1.5,7.6,-6,,,,,,,,,,,,,
238,2022-11-20,9.8,4.9,604,19.1,1326,,,,,,,5.1,360,1611,2.2,340,1614,.5,420,4.5,34,1323,73.1,8.5,999.1,1021.8,7,1016.9,1422,1020,10.2,5.4,,,,,,,,,3.9,3,9.7,-1.4,,,,,,,,,,,,,
238,2022-11-21,8.7,1.8,659,18.7,1514,,,,,,,4.8,320,1500,2.8,290,1535,.5,391,3.4,30,1450,74.3,7.9,1000.8,1023.8,832,1018.7,1436,1021.8,10.1,8.2,,,,,,,,,5.4,1.8,8.3,-3.2,,,,,,,,,,,,,
238,2022-11-22,9.2,5.5,311,14.2,1401,,,,,,.4,1.7,360,301,.9,360,910,.2,165,6.4,57,1349,84.5,9.7,999.5,1023.5,52,1017.2,2352,1020.5,10.1,0,,,,,,,,,9.8,7.6,9.8,1.6,,,,,,,,,,,,,
238,2022-11-23,9.2,1.9,2351,16,1424,,,,,,0,6.3,270,1435,3.2,270,1519,.9,741,5.2,48,1436,78.8,9,996.8,1020.9,2355,1015.7,1345,1017.7,10.1,7,,,,,,,,,4.5,1.6,10.1,-4.3,,,,,,,,,,,,,
238,2022-11-24,5,.5,720,14.1,1522,,,,,,,2.9,360,1405,1.5,20,1342,.4,387,1,40,1319,78.4,6.6,1000.6,1023.8,2356,1019.3,1428,1021.9,10.1,4.7,,,,,,,,,4.6,2,7,-4.9,,,,,,,,,,,,,
238,2022-11-25,6.6,-2,713,18.2,1505,,,,,,,5.5,250,1439,3.1,230,1418,.6,490,-.2,21,1436,68.4,6.1,997.9,1023.9,2,1014.9,1541,1019,10,9.1,,,,,,,,,1.6,0,6.5,-7,,,,,,,,,,,,,
238,2022-11-26,8.3,-.4,2400,15.4,1233,,,,,,,8.8,320,1358,5.1,290,1402,1.3,1111,-1.4,26,1522,54.4,5.8,997.1,1022,2329,1015,339,1018,10,8.6,,,,,,,,,1.9,1.8,7.6,-7.2,,,,,,,,,,,,,
238,2022-11-27,3.8,-3.9,622,14.8,1457,,,,,,,3,110,1306,1.6,110,1309,.5,393,-4.4,17,1416,60.9,4.5,999.8,1023.3,757,1018,1545,1021.2,10,8,,,,,,,,,3.3,.6,4.7,-9.4,,,,,,,,,,,,,
238,2022-11-28,5.5,-1.4,706,10.6,2359,,,,,,23.8,2.9,20,2400,1.5,20,1132,.4,357,3.5,57,1304,87.3,8.4,995,1021.6,20,1009.5,2338,1016.1,10,.8,,,,,,,,,7.5,5.5,6.4,-6.6,,,,,,,,,,,,,
238,2022-11-29,8.9,1.9,2400,13.5,559,,,,,,13.3,8.4,290,1116,3.9,290,1122,1.6,1422,2,31,1746,66.3,8.3,995.6,1026.4,2357,1008.6,123,1016.5,9.9,.1,,,,,,,,,9.8,7.5,9.7,1.3,,,,,,,,,,,,,
238,2022-11-30,-2.8,-5.4,2226,1.9,1,,,,,,,8.4,270,315,4.2,290,301,2.3,1953,-10.5,37,1315,55.8,2.8,1009.3,1034.1,2138,1026.1,46,1031.4,9.9,7.3,,,,,,,,,7.6,3.8,3.5,-10.2,,,,,,,,,,,,,
238,2022-12-01,-3.4,-6.9,712,1.7,1425,,,,,,,5.8,340,439,2.4,320,1256,1,836,-13.3,28,1202,48.8,2.3,1009.7,1034.2,844,1028.8,1454,1031.9,9.9,7,,,,,,,,,6,1.5,2.2,-10.8,,,,,,,,,,,,,
238,2022-12-02,-3,-8.5,734,4,1448,,,,,,,3.3,360,1429,1.7,340,1430,.6,557,-8,39,1521,70.9,3.4,1008.2,1033.5,816,1027.8,1703,1030.3,9.9,9.2,,,,,,,,,2.4,1,1.8,-13.3,,,,,,,,,,,,,
238,2022-12-03,2.4,-4.5,208,8.9,1152,,,,,,0,7.7,320,1302,2.9,290,1307,.6,515,-.8,56,1111,80.4,5.9,1004.3,1028.6,4,1023.5,1446,1025.9,9.9,1.6,,,,,,,,,8.3,7.9,3.5,-7.2,,,,,,,,,,,,,
238,2022-12-04,-1.1,-2.9,2356,3.7,56,,,,,,,7.3,360,221,2.7,360,1320,1.4,1187,-11.8,27,1258,45.6,2.6,1009,1032.6,1011,1027.2,36,1031,9.8,1.9,,,,,,,,,9.1,4.6,3.4,-7,,,,,,,,,,,,,
238,2022-12-05,-2.7,-7,2356,2.7,1330,,,,,,,7,20,1346,3.2,290,1500,1.1,936,-14.2,17,1323,44,2.1,1007.4,1032.4,203,1027,1532,1029.5,9.8,6.3,,,,,,,,,4.5,2.5,2.4,-13.1,,,,,,,,,,,,,
238,2022-12-06,-1.1,-8.3,208,6.7,1250,,,,,,0,10.5,290,1128,4.2,270,1137,1,869,-4.5,45,1304,78.4,4.6,1002.7,1028.7,12,1022.3,1252,1024.6,9.8,4.5,,,,,,,,,5.6,,1.9,-13.3,,,,,,,,,,,,,
238,2022-12-07,3.2,-2.8,739,8.3,1429,,,,,,0,8.3,270,1455,4,270,1455,1.4,1240,-2.5,47,1445,67.8,5.1,1002.9,1026.9,2344,1022.9,1400,1024.4,9.8,2.1,,,,,,,,,3.4,3.4,3.3,-8.5,,,,,,,,,,,,,
238,2022-12-08,1.2,-4.4,705,10.5,1438,,,,,,,3.2,50,1225,1.7,20,1208,.4,351,-3.5,29,1534,74.8,4.7,1004.7,1028.7,922,1024.2,1528,1026.4,9.8,7.6,,,,,,,,,2.3,.4,3.1,-9.9,,,,,,,,,,,,,
238,2022-12-09,2.6,-4.1,722,12.4,1418,,,,,,,6,360,1444,2.7,340,1410,.5,448,-1.2,46,1356,78.3,5.7,1001.6,1026.4,18,1020.4,1449,1023.1,9.8,6,,,,,,,,,3.4,2.6,3.7,-9.5,,,,,,,,,,,,,
238,2022-12-10,.5,-2.9,440,5.1,1458,,,,,,0,3.4,110,910,1.7,290,1551,.4,368,-1.9,56,1701,85,5.4,999.3,1023.2,259,1018.3,1536,1020.9,9.8,0,,,,,,,,,8.1,7.8,3.4,-9.1,,,,,,,,,,,,,
238,2022-12-11,-.3,-5.5,737,7.7,1428,,,,,,,6.3,340,1316,3.5,360,1404,.7,629,-6,29,1351,69.9,3.9,1001.7,1025.6,2316,1021,102,1023.5,9.8,8.7,,,,,,,,,1.1,0,2.5,-12.6,,,,,,,,,,,,,
238,2022-12-12,-.5,-7,313,6.8,1343,,,,,,.3,7.1,270,1351,3.5,270,1431,.7,568,-4.7,30,1346,75.8,4.4,999.5,1026.1,351,1017.8,2230,1021.2,9.8,3.2,,,,,,,,,4.9,3.6,1.8,-13.3,,,,,,,,,,,,,
238,2022-12-13,2.3,-2.5,2400,4.9,1450,,,,,,3.1,10.9,320,1356,4.9,290,2308,2.4,2039,-2.6,47,1505,72.4,5.1,997.6,1022.1,2352,1016.9,1634,1019.1,9.7,.4,,,,,,,,,7.9,7.5,3.1,-3.9,,,,,,,,,,,,,
238,2022-12-14,-7.4,-11.2,2328,-2.2,25,,,,,,.9,9.3,290,118,5,290,122,1.4,1251,-11.6,55,1144,72.9,2.6,1005.8,1030.8,1017,1022.1,1,1028.2,9.7,7,,,,,,,,,1.9,,2.4,-5.6,,,,,,,,,,,,,
238,2022-12-15,-2.1,-11.7,103,4.6,1429,,,,,,1.2,8.1,270,1452,3.7,200,1301,1.1,968,-6.1,48,1425,75.8,4,1003.4,1028.5,218,1021.6,1546,1025.4,9.7,6.6,,,,,,,,,6.4,4.5,1.7,-6.8,,,,,,,,,,,,,
238,2022-12-16,-3.6,-5.9,804,-.3,1,,,,,,,3.6,290,1524,2.2,290,2,.9,797,-11.7,30,1331,55.9,2.6,1008,1032.8,1106,1026.8,1,1030.2,9.7,1.2,,,,,,,,,8.5,6.8,1.9,-11.3,,,,,,,,,,,,,
238,2022-12-17,-6.8,-12.1,2358,-2.8,1021,,,,,,.4,7.5,360,1027,3.7,340,1035,.8,733,-10,54,1842,77.8,2.9,1003.2,1030.7,15,1023.2,1505,1025.5,9.7,1,,,,,,,,,5.4,,1,-16.4,,,,,,,,,,,,,
238,2022-12-18,-9.7,-13.9,439,-4.5,1356,,,,,,,6.2,290,1219,3,320,1228,.9,780,-14.7,41,1350,69.3,2,1001.6,1025.6,2335,1021.9,1511,1024.2,9.7,8.2,,,,,,,,,3.1,,0,-17,,,,,,,,,,,,,
238,2022-12-19,-6.4,-14.4,720,1.3,1455,,,,,,,4.3,360,1513,2,340,1514,.7,566,-11.4,40,1128,70.1,2.6,1004.9,1029.2,951,1025,1435,1027.3,9.7,8.4,,,,,,,,,.1,,-1,-17.1,,,,,,,,,,,,,
238,2022-12-20,-3.1,-10.3,727,4.1,1536,,,,,,,2.9,110,1359,1.6,180,1254,.5,415,-7.6,45,1455,73.3,3.5,1004.7,1031.5,1002,1022.1,2357,1026.7,9.7,8.7,,,,,,,,,3.9,2.5,-.7,-15.1,,,,,,,,,,,,,
238,2022-12-21,.3,-3.3,5,3.2,1417,,,,,,11,6.3,250,2340,3.1,290,2330,.6,496,-.7,79,2329,93.3,5.9,991.1,1022.7,12,1009.1,1530,1012.6,9.7,0,,,,,,,,,7.4,7.4,.2,-5.2,,,,,,,,,,,,,
238,2022-12-22,-4.7,-8.9,2358,.7,1,,,,,,1.1,10.3,290,1423,4.8,290,1104,2.5,2178,-8.5,56,1624,75.1,3.3,988.5,1011.7,2315,1008.4,1416,1010.4,9.7,1.1,,,,,,,,,8,8,.7,-6.8,,,,,,,,,,,,,
238,2022-12-23,-7.9,-10.1,2351,-5.4,1530,,,,,,,14.8,290,1451,6.3,290,1457,3.4,2966,-12.8,54,1533,68,2.3,991.8,1018,2311,1011.5,20,1014,9.7,4,,,,,,,,,8.1,7.1,.5,-9.4,,,,,,,,,,,,,
238,2022-12-24,-7.9,-12.9,755,-2,1442,,,,,,0,4.5,290,1520,2.5,290,1526,.9,757,-13.2,40,1452,66.9,2.2,998.5,1023.5,2323,1017.6,3,1020.8,9.7,9,,,,,,,,,1.3,1.3,.2,-15.2,,,,,,,,,,,,,
238,2022-12-25,-6.1,-12.6,707,1.9,1403,,,,,,,6.8,290,1339,3.5,290,1345,.8,724,-9.6,46,1324,77.5,3,1002.1,1026.2,2342,1022,1304,1024.3,9.7,8,,,,,,,,,0,0,-.7,-15.6,,,,,,,,,,,,,
238,2022-12-26,-5.2,-10.6,608,2.7,1429,,,,,,,3,360,1305,1.5,200,1353,.5,409,-8.5,40,1451,79.9,3.3,1004.6,1028.7,817,1024.6,1430,1026.8,9.7,6.2,,,,,,,,,2.1,1.1,-1.2,-15.3,,,,,,,,,,,,,
238,2022-12-27,-4.3,-10.5,700,3.9,1432,,,,,,,4.3,320,1449,2.2,360,1326,.6,479,-8.2,34,1419,76.8,3.3,1007.5,1032.5,802,1027.4,1428,1029.8,9.7,7.7,,,,,,,,,2,,-1.5,-15.4,,,,,,,,,,,,,
238,2022-12-28,-3.5,-7.4,542,1.4,1618,,,,,,0,7.2,290,1428,3.4,290,1424,.9,764,-7.1,49,1623,77.4,3.6,1008.6,1034.4,2338,1028.9,1359,1030.8,9.7,1.4,,,,,,,,,4,3.4,-1,-14,,,,,,,,,,,,,
238,2022-12-29,-5.1,-10.6,746,2.4,1421,,,,,,,4.6,290,1405,2.1,320,1402,.5,441,-8.7,48,1423,77.6,3.2,1011.2,1035.3,833,1031.2,1414,1033.6,9.7,2.7,,,,,,,,,3.9,,-1.7,-15.6,,,,,,,,,,,,,
238,2022-12-30,-1.7,-6.9,45,2.4,1312,,,,,,0,5.3,270,1447,2.9,290,1449,.8,673,-5.7,55,1514,74.9,4,1010.1,1034.8,30,1030.1,1411,1032.2,9.8,2.1,,,,,,,,,5.5,5,-.7,-12.2,,,,,,,,,,,,,
238,2022-12-31,-1.8,-5.6,428,4.4,1205,,,,,,0,6.2,360,1409,3.2,290,1428,.8,703,-6.3,50,1207,73,3.8,1009.5,1033,437,1030.1,1441,1031.6,9.7,2.6,,,,,,,,,4.1,4.1,-.7,-12.7,,,,,,,,,,,,,
