지점,일시,평균기온(°C),최저기온(°C),최저기온 시각(hhmi),최고기온(°C),최고기온 시각(hhmi),강수 계속시간(hr),10분 최다 강수량(mm),10분 최다강수량 시각(hhmi),1시간 최다강수량(mm),1시간 최다 강수량 시각(hhmi),일강수량(mm),최대 순간 풍속(m/s),최대 순간 풍속 풍향(16방위),최대 순간풍속 시각(hhmi),최대 풍속(m/s),최대 풍속 풍향(16방위),최대 풍속 시각(hhmi),평균 풍속(m/s),풍정합(100m),평균 이슬점온도(°C),최소 상대습도(%),최소 상대습도 시각(hhmi),평균 상대습도(%),평균 증기압(hPa),평균 현지기압(hPa),최고 해면기압(hPa),최고 해면기압 시각(hhmi),최저 해면기압(hPa),최저 해면기압 시각(hhmi),평균 해면기압(hPa),가조시간(hr),합계 일조 시간(hr),1시간 최다일사 시각(hhmi),1시간 최다일사량(MJ/m2),합계 일사(MJ/m2),일 최심신적설(cm),일 최심신적설 시각(hhmi),일 최심적설(cm),일 최심적설 시각(hhmi),합계 3시간 신적설(cm),평균 전운량(1/10),평균 중하층운량(1/10),평균 지면온도(°C),최저 초상온도(°C),평균 5cm 지중온도(°C),평균 10cm 지중온도(°C),평균 20cm 지중온도(°C),평균 30cm 지중온도(°C),0.5m 지중온도(°C),1.0m 지중온도(°C),1.5m 지중온도(°C),3.0m 지중온도(°C),5.0m 지중온도(°C),합계 대형증발량(mm),합계 소형증발량(mm),9-9강수(mm),안개 계속시간(hr)
235,2010-01-01,-3.9,-11.5,556,.8,2307,.42,,,,,0,7,200,2135,4.1,160,2152,1.7,1484,-9.5,53,1257,65.4,3.1,1019.4,1024.3,10,1019,2355,1021.8,9.7,7.1,,,,,,5,0,,3.8,3.4,-.5,-12.2,,,,,,,,,,,,,
235,2010-01-02,2.9,-.7,2357,6.9,1355,.68,,,,,0,9.6,180,910,6,200,754,2.8,2395,-3,54,257,65.4,5,1015.2,1022.2,2342,1013.8,1305,1017.5,9.8,.5,,,,,,2.6,0,,7.3,5,.1,-2.5,,,,,,,,,,,,,
235,2010-01-03,-2,-4,752,.6,1313,,,,,,,7.9,50,827,3.8,20,451,1.9,1653,-9.2,39,1505,58.1,3,1019.5,1024.2,1006,1019.4,2357,1021.8,9.8,8,,,,,,,,,2.8,2.4,-.5,-6.7,,,,,,,,,,,,,
235,2010-01-04,.2,-2.6,117,4.9,1358,7.68,,,,,1.5,12.8,180,815,7.8,200,820,2.8,2392,-5.6,26,613,67.3,4.2,1010.8,1019.4,0,1007.3,1354,1013,9.8,0,,,,1.5,2400,1.5,2400,2,9.1,7.1,-.4,-3.3,,,,,,,,,,,,,
235,2010-01-05,-3.9,-6,2400,-1.5,1338,18.95,,,,,2,11.6,20,641,4.7,360,1148,2.8,2378,-8.6,56,705,69.8,3.2,1020.7,1025.1,2233,1018.2,15,1023,9.8,.8,,,,3.8,1055,5.3,1055,3.9,7.9,7.9,0,-6.9,,,,,,,,,,,,,
235,2010-01-06,-5.4,-7.4,852,-3.4,1538,18.58,,,,,3,7.4,50,1501,4,20,1157,2.3,2005,-9,64,1618,76.1,3.1,1023.5,1027,2257,1024.6,512,1025.8,9.8,2.9,,,,3.8,1150,6,1150,5,8.1,8.1,-.1,-7.3,,,,,,,,,,,,,
235,2010-01-07,-5.6,-8.2,626,-3.4,1403,9.33,,,,,.1,8,50,610,3.7,360,1315,2.3,1986,-10.6,56,1137,68.4,2.8,1024.4,1027.9,1046,1025.9,1425,1026.8,9.8,4.9,,,,.3,850,4.2,850,.3,5.6,5.6,0,-9,,,,,,,,,,,,,
235,2010-01-08,-4.6,-9.5,147,.3,1552,,,,,,,6.4,360,1712,3.5,20,1207,1.6,1360,-8.7,56,1133,73.1,3.2,1023,1026.7,0,1023.7,1454,1025.3,9.8,6.2,,,,,,2,0,,1.6,1.4,-.8,-9.5,,,,,,,,,,,,,
235,2010-01-09,-2.2,-6.6,526,1.1,1315,5.33,,,,,.1,7.5,50,908,2.8,50,842,1.2,1066,-5.4,51,1234,78.9,4.2,1023.5,1027.5,2248,1023.8,1419,1025.8,9.8,0,,,,.1,1755,.1,1755,.1,7,5,-1.6,-9.5,,,,,,,,,,,,,
235,2010-01-10,-.4,-3.9,753,2.6,1530,,,,,,,6.5,70,609,3.7,70,613,1.5,1318,-5.3,52,1433,70.5,4.1,1024.8,1029.8,959,1025.5,1637,1027.1,9.9,0,,,,,,.1,0,,9.6,8.4,-.4,-3.8,,,,,,,,,,,,,
235,2010-01-11,-.1,-2.2,2354,1.5,1411,.75,,,,,0,7.1,360,2120,4,360,2106,2,1720,-5.6,58,1110,66.5,4,1022.3,1026.7,0,1022.8,1543,1024.6,9.9,0,,,,,,,,,9.6,5.6,0,-3.3,,,,,,,,,,,,,
235,2010-01-12,-4.4,-6.5,2353,-1.5,1413,4.92,,,,,0,8.8,360,1634,4.9,20,2349,2.8,2428,-12.4,41,1351,54.1,2.4,1019.5,1025.1,900,1019,1711,1021.8,9.9,7.7,,,,,,,,,5,5,-1.4,-9,,,,,,,,,,,,,
235,2010-01-13,-7.6,-9.5,547,-4.3,1359,9.33,,,,,.3,7.8,360,1134,4.7,20,117,2.9,2486,-12.5,49,1334,67.8,2.4,1022.6,1029,2317,1019.8,2,1024.9,9.9,5.1,,,,.7,655,.7,655,.9,6.1,6.1,-3.3,-11.3,,,,,,,,,,,,,
235,2010-01-14,-4.8,-10.5,407,.6,1500,4.92,,,,,.3,5.2,230,1531,3.5,230,1601,1.7,1452,-9.3,50,1415,71.4,3.1,1025.9,1030.7,1015,1026.4,1904,1028.3,9.9,6.9,,,,.5,750,.9,750,.8,4.9,4.1,-1.9,-11.7,,,,,,,,,,,,,
235,2010-01-15,-1.3,-5.2,2338,2.5,1230,3.92,,,,,.3,6.2,360,1408,4.1,360,1354,1.6,1341,-5,62,1602,75.9,4.2,1028.4,1034.3,2333,1026.8,348,1030.7,10,5.2,,,,.8,1045,1.1,1045,.8,4.3,4.3,.3,-10.9,,,,,,,,,,,,,
235,2010-01-16,-4.1,-8.6,745,1.6,1438,,,,,,,3.5,50,326,2.8,360,1542,1.3,1162,-9.4,35,1531,68.1,3,1032.1,1036.2,1019,1032.7,1550,1034.4,10,8.5,,,,,,,,,.3,0,-1.7,-12.2,,,,,,,,,,,,,
235,2010-01-17,-2.2,-7.5,430,4.2,1528,,,,,,,4.4,230,1135,3.3,200,1142,1.4,1181,-7.9,37,1034,65.5,3.4,1031.3,1035.8,1050,1031.6,2250,1033.6,10,8.5,,,,,,,,,0,0,-1.3,-9.7,,,,,,,,,,,,,
235,2010-01-18,1,-4,537,7.3,1230,,,,,,,4.6,50,818,3,50,1001,1.5,1331,-3.7,53,1108,71.1,4.7,1029.1,1032.8,1044,1029.6,1457,1031.4,10,2.9,,,,,,,,,3.8,2.4,-.5,-8.4,,,,,,,,,,,,,
235,2010-01-19,7.8,-.5,724,13.3,2118,1.58,,,,,0,8.8,200,2128,5.8,200,2202,3,2572,1.4,35,1056,65.5,7,1024.9,1031.1,1,1023.1,2335,1027.1,10.1,2.9,,,,,,,,,6.6,2.9,2.2,-6.4,,,,,,,,,,,,,
235,2010-01-20,10.1,4.8,2356,13.6,1054,20.33,,,,,16,10.7,230,1147,6.8,200,1204,3.3,2815,8.5,64,0,90.5,11.3,1015.4,1023.5,17,1014.4,1401,1017.6,10.1,0,,,,,,,,,10,7.6,8,4.4,,,,,,,,,,,,,7.17
235,2010-01-21,-.9,-3,2352,4.8,0,3.5,,,,,1.5,8.8,360,1054,5.2,360,1058,2.6,2211,-6.7,44,1421,65.5,3.8,1022.6,1029.8,2310,1016.7,0,1024.9,10.1,8.4,,,,,,,,,4,2.8,2.6,-4.3,,,,,,,,,,,,,
235,2010-01-22,-2.4,-5,736,.6,1537,,,,,,,7.6,20,932,4.1,360,957,2.2,1891,-10.4,34,1149,55,2.8,1027.1,1032.1,927,1027.4,1534,1029.4,10.1,8.6,,,,,,,,,3.9,3.9,-.7,-7.2,,,,,,,,,,,,,
235,2010-01-23,-1.8,-3.6,709,2.1,1343,8.75,,,,,.5,7.2,90,933,2.7,360,1030,1.1,947,-6.2,52,1422,72.3,3.9,1025.2,1029,1,1026.5,1419,1027.5,10.2,5,,,,.8,850,.8,850,.8,5.3,5.3,1.1,-8,,,,,,,,,,,,,
235,2010-01-24,1.7,-3.9,634,5.4,1404,,,,,,,8.3,180,1259,6,200,1553,2.5,2192,-2.3,60,1407,75.8,5.2,1021.5,1027.4,0,1021,2236,1023.7,10.2,3.6,,,,,,,,,5.4,5,1.6,-8.7,,,,,,,,,,,,,
235,2010-01-25,.2,-5.5,2257,5.9,406,,,,,,,8.9,360,1118,3.8,340,1045,1.7,1440,-7.4,32,1239,57,3.7,1024.3,1032,2332,1019.8,433,1026.5,10.2,7.2,,,,,,,,,2.9,2.3,2.3,-10.2,,,,,,,,,,,,,
235,2010-01-26,-2.5,-8.2,642,3.9,1405,,,,,,,5.9,20,46,3.7,20,46,1.1,958,-8.5,43,1251,64.1,3.2,1029.5,1034.1,942,1028.6,2314,1031.8,10.2,7.9,,,,,,,,,.6,.3,-.9,-10.9,,,,,,,,,,,,,
235,2010-01-27,3.2,-4.1,459,8,1121,7.25,,,,,4.5,12.9,230,2138,6.3,200,1831,2.3,1988,-.9,41,1007,75.4,6.1,1016.4,1028.6,0,1011.9,1738,1018.6,10.3,2.9,,,,,,,,,7.5,4,.1,-9.4,,,,,,,,,,,,,
235,2010-01-28,2.9,-.5,2043,6.2,12,,,,,,,6.5,360,1533,3.2,20,1111,1.4,1214,-2.9,41,1733,66.5,5.1,1019.1,1026.6,2313,1014.7,0,1021.3,10.3,6.1,,,,,,,,,3.8,3.8,4.3,-5.8,,,,,,,,,,,,,
235,2010-01-29,.3,-4.1,617,5.5,1124,,,,,,,8.1,250,1137,4.1,200,1027,1.2,1062,-6.2,38,1134,63,3.8,1022.7,1026.2,238,1023.8,1749,1025,10.3,6.4,,,,,,,,,1.8,1.8,2.2,-8.4,,,,,,,,,,,,,
235,2010-01-30,2.2,-1.8,502,7.1,1233,,,,,,,9.9,50,2103,4.5,230,1312,1.4,1168,-2.4,54,1257,71.9,5.2,1020.8,1025,0,1021.6,2354,1023.1,10.3,4.5,,,,,,,,,6,4.3,1.7,-7.2,,,,,,,,,,,,,
235,2010-01-31,3.7,-.2,620,8.9,1400,,,,,,,4.9,250,1221,3.9,230,1227,1.5,1339,-1.5,47,1138,70.1,5.5,1019,1022.3,2046,1020.3,2321,1021.3,10.4,6.4,,,,,,,,,4.4,.9,3.2,-4.8,,,,,,,,,,,,,
235,2010-02-01,2,-.2,2359,5.7,1418,,,,,,,7.2,20,2331,3.6,360,1132,2,1710,-1.9,57,2333,76.1,5.4,1016.4,1022,2400,1015.9,1411,1018.6,10.4,3.7,,,,,,,,,4.3,.4,3.2,-5.4,,,,,,,,,,,,,
235,2010-02-02,-2.8,-6.1,2240,.1,14,,,,,,,9.8,360,937,6.1,360,1054,3.2,2733,-14.4,26,1319,41.5,2.1,1023.3,1027.6,2249,1021.9,53,1025.6,10.4,7.2,,,,,,,,,2.4,0,-1.3,-10.2,,,,,,,,,,,,,
235,2010-02-03,-5.1,-8.3,703,-1.2,1342,,,,,,,8.8,360,1501,4.8,360,1523,2,1698,-14.3,26,1327,50.1,2.1,1026.2,1029.9,1057,1027.2,33,1028.6,10.5,8.9,,,,,,,,,.8,.4,-2.6,-11.7,,,,,,,,,,,,,
235,2010-02-04,-2.4,-8.3,32,1.6,1549,3.08,,,,,1.4,5,360,1351,3,20,1327,.9,775,-8.8,33,1218,63.4,3.2,1024.3,1029,0,1025.3,1648,1026.6,10.5,6.9,,,,3,515,3,515,3,3.6,3.6,-.6,-10.4,,,,,,,,,,,,,
235,2010-02-05,-1.8,-4.9,2340,1.7,14,,,,,,,6.5,360,1513,3.1,20,247,1.5,1293,-11,28,1528,50.8,2.7,1025.3,1029.4,2318,1025.3,17,1027.6,10.5,8.3,,,,,,,,,1.4,.9,-.2,-9.3,,,,,,,,,,,,,
235,2010-02-06,-3,-9,700,3,1444,,,,,,,5.7,20,1208,3.2,360,1035,1.3,1141,-12.1,14,1151,53.1,2.5,1028.3,1032,1003,1029.2,4,1030.6,10.6,9.1,,,,,,,,,0,0,-1,-12.1,,,,,,,,,,,,,
235,2010-02-07,2.5,-6.5,435,9.3,1349,,,,,,,6.6,230,1330,3.7,200,1246,1.5,1331,-11.1,15,1153,38.6,2.7,1024.4,1030.5,3,1023.2,2355,1026.6,10.6,4.4,,,,,,,,,6.1,5,-.8,-9.2,,,,,,,,,,,,,
235,2010-02-08,5.8,4.1,738,8.2,1357,7.33,,,,,2.5,4,70,934,2.4,50,854,.9,804,1.6,32,5,77.6,7.2,1016.4,1023.2,0,1014.9,1530,1018.6,10.6,0,,,,,,,,,10,7.4,2.8,2.3,,,,,,,,,,,,,5.33
235,2010-02-09,5.5,4.6,528,6.8,1408,9,,,,,5,7.8,50,2206,4.3,50,2214,1.5,1332,4.2,89,1441,91.6,8.2,1013.9,1019.3,25,1013.8,1813,1016.1,10.7,0,,,,,,,,,10,6.1,5,4.1,,,,,,,,,,,,,2.17
235,2010-02-10,4.4,3.7,1335,5.3,11,9,,,,,2.5,7.3,20,1500,4.9,20,1318,2.7,2294,2.9,88,1313,90,7.5,1014.7,1018.3,2042,1014.1,338,1016.9,10.7,0,,,,,,,,,9.9,6.6,4.2,3.5,,,,,,,,,,,,,
235,2010-02-11,3.3,1.8,2357,6,148,15.42,,,,,19,9.1,50,819,5.3,70,634,3.7,3180,.9,77,2058,84.3,6.5,1015.6,1022.4,2355,1014.5,426,1017.8,10.7,0,,,,,,,,,10,6.5,3.2,.9,,,,,,,,,,,,,
235,2010-02-12,1.1,0,2229,2.9,1214,14.33,,,,,.5,6.4,360,31,4,20,52,1.4,1203,-1.3,72,2358,83.5,5.5,1022.8,1027.1,2332,1022.4,0,1025.1,10.8,0,,,,,,,,,10,5.5,1.8,-1.4,,,,,,,,,,,,,
235,2010-02-13,-.5,-2.9,2141,2.2,1530,7.67,,,,,0,5.6,320,302,2.4,270,317,1.2,1011,-6.8,46,1523,62.5,3.7,1025.7,1029.9,2310,1026.1,603,1028,10.8,2.7,,,,,,,,,6.9,5.8,2.4,-6.9,,,,,,,,,,,,,
235,2010-02-14,-1,-3.8,240,1.3,1314,,,,,,,11.2,20,1903,4.7,360,1352,1.9,1675,-8.7,29,1524,58.8,3.2,1026.4,1031.2,928,1027.2,2141,1028.7,10.8,0,,,,,,,,,5.9,1.6,-.3,-6.3,,,,,,,,,,,,,
235,2010-02-15,-.9,-3.2,214,3.3,1219,,,,,,,7.4,360,1249,4.5,360,1048,2.4,2107,-9.8,25,1231,51.9,2.9,1024.9,1029,8,1025.5,1733,1027.2,10.9,4.4,,,,,,,,,4,0,-.3,-7.6,,,,,,,,,,,,,
235,2010-02-16,-2.2,-6.4,732,2.5,1332,,,,,,,5.5,360,1047,3.5,20,935,1.5,1336,-11.2,26,1412,51.3,2.6,1027,1030.6,1010,1027.8,0,1029.3,10.9,9.1,,,,,,,,,3.9,0,.2,-9.3,,,,,,,,,,,,,
235,2010-02-17,-.8,-6,716,2.8,1404,2.33,,,,,1.5,9.9,200,2204,7.3,200,2210,1.9,1613,-7.7,34,1046,60.9,3.5,1023.5,1030.4,17,1021.2,2313,1025.8,10.9,1.4,,,,2.7,2340,2.7,2340,2.7,8.9,4,-.7,-8.1,,,,,,,,,,,,,
235,2010-02-18,-.7,-4.5,2313,2,1459,2.33,,,,,.1,9.5,20,1152,5.1,360,1154,1.9,1604,-9.4,27,1102,53.6,3.1,1022.3,1026.6,951,1021.6,34,1024.6,11,8.7,,,,.2,10,2.8,10,.2,2.6,2.6,2.2,-8.3,,,,,,,,,,,,,
235,2010-02-19,.8,-4.3,118,5.6,1312,.92,,,,,0,5.8,250,1343,3.5,180,346,1.2,1021,-6.1,32,1240,62.6,3.9,1019.6,1024.2,0,1020.3,544,1021.8,11,7.7,,,,.1,455,.1,455,.1,2.4,2,2.6,-7.9,,,,,,,,,,,,,
235,2010-02-20,2.6,-2.7,635,8.8,1304,,,,,,,7.1,230,1421,5,230,1449,1.6,1359,-1.7,51,1304,74.8,5.5,1020.1,1023.1,1038,1021.5,1626,1022.4,11.1,9.3,,,,,,,,,0,0,2.9,-8.2,,,,,,,,,,,,,
235,2010-02-21,5.5,-1.4,709,11.2,1320,,,,,,,9.5,250,1306,6.6,200,1147,2.5,2188,-2.8,33,923,56.3,5,1018.3,1022.3,0,1019.3,1633,1020.5,11.1,9.4,,,,,,,,,1.4,0,3.3,-7.8,,,,,,,,,,,,,
235,2010-02-22,6.6,1.8,2400,10.5,1554,,,,,,,7.9,180,501,5,180,506,2.4,2036,3,61,140,79,7.6,1016.8,1020.2,1125,1018.4,423,1019,11.1,2.1,,,,,,,,,6.6,4.6,5.9,-2.2,,,,,,,,,,,,,5.67
235,2010-02-23,6.6,-.3,811,14.9,1239,,,,,,,5.7,230,1200,3.9,200,1506,1.6,1375,2.3,47,1036,76.3,7.2,1014.6,1019,16,1015.1,1704,1016.8,11.2,9,,,,,,,,,1.3,1.3,5.8,-5.3,,,,,,,,,,,,,4.67
235,2010-02-24,14.3,3.9,41,19.1,1657,,,,,,,11.2,200,2252,6.2,200,1240,2.8,2386,6,41,819,59.3,9.6,1011.2,1016.1,207,1010.7,2253,1013.3,11.2,5.8,,,,,,,,,4.9,2,8.6,-1.8,,,,,,,,,,,,,
235,2010-02-25,12.9,8,2352,18.8,11,14,,,,,40.5,14.9,200,351,9.6,200,353,4.4,3835,10.7,59,11,87.5,12.9,1006.7,1010.9,0,1006.8,1512,1008.8,11.2,0,,,,,,,,,10,7.5,12.3,8.2,,,,,,,,,,,,,4.83
235,2010-02-26,11.2,6.9,2322,15.4,1515,,,,,,,7.7,20,553,5.6,50,1346,2.2,1873,9,75,1506,86.6,11.5,1009.9,1015.5,2226,1009.6,326,1012.1,11.3,2.2,,,,,,,,,8.6,7,11.7,2.9,,,,,,,,,,,,,7.5
235,2010-02-27,8.2,5.6,2313,12.1,1157,4.67,,,,,.5,4.4,50,415,2.8,70,418,.9,814,5.6,65,1158,84.9,9.1,1013.7,1018.4,2339,1014.1,639,1015.9,11.3,.8,,,,,,,,,7.6,4.8,8.4,1.6,,,,,,,,,,,,,
235,2010-02-28,6.6,4.7,1907,9.2,1239,,,,,,,6.2,230,1301,4.2,200,1301,1.2,1073,3.9,71,1247,83.5,8.1,1017.3,1022.2,1049,1017,2351,1019.5,11.4,3.1,,,,,,,,,7,5,8.9,3,,,,,,,,,,,,,
235,2010-03-01,6.7,4.3,2338,8.4,138,10.83,,,,,13,10.1,70,1151,6.1,50,1529,3.7,3232,4,68,138,83.6,8.2,1009.8,1018.1,9,1009,1418,1012,11.4,0,,,,,,,,,9.3,6.4,7,1.1,,,,,,,,,,,,,
235,2010-03-02,4.3,-.1,2356,7.5,1315,5,,,,,.3,7.1,20,1613,3.1,360,1701,1,900,1.3,66,1530,81.6,6.8,1016,1022.7,2353,1014,100,1018.2,11.4,0,,,,,,,,,8.9,5.5,6.2,-4.2,,,,,,,,,,,,,
235,2010-03-03,5.9,-1,702,10.8,1350,,,,,,,9.2,110,2217,4.7,20,1123,1.9,1683,-1,39,1335,63.6,5.7,1020,1024.6,830,1019.7,2356,1022.2,11.5,7.9,,,,,,,,,5.9,2.9,5.9,-5.6,,,,,,,,,,,,,
235,2010-03-04,7.3,5.9,1957,8.8,0,7.75,,,,,1.5,7.9,90,851,4.5,90,853,2.1,1833,3.1,46,7,76.1,7.7,1012.4,1020.8,149,1011.2,1602,1014.6,11.5,0,,,,,,,,,10,5.3,6.5,2.3,,,,,,,,,,,,,
235,2010-03-05,6.5,4.8,2332,8.8,1434,7,,,,,7,7.2,50,1814,4.4,360,1815,1.5,1269,3.7,65,1534,83.6,8,1016.6,1021.5,2039,1015.1,57,1018.8,11.5,0,,,,,,,,,10,6.4,7.2,4.2,,,,,,,,,,,,,
235,2010-03-06,5.8,2.6,657,8.5,1417,1.67,,,,,.1,6.8,360,915,4.4,360,918,2,1733,1.2,60,1418,72.6,6.7,1020.1,1025.1,2340,1020.7,1652,1022.3,11.6,1,,,,,,,,,9.9,4.6,6,1.6,,,,,,,,,,,,,
235,2010-03-07,6.3,3.7,2029,10.6,1345,,,,,,,9.1,70,1552,5.1,50,1600,2.3,1988,-1.8,45,1744,57,5.4,1023.8,1030,2354,1023.6,322,1026,11.6,2.3,,,,,,,,,7.8,5.6,6.6,-.9,,,,,,,,,,,,,
235,2010-03-08,5.4,.1,658,10.3,1321,,,,,,,10.4,110,1817,4.5,50,925,2,1689,-4.3,33,1316,50.1,4.5,1027.4,1032.3,830,1027.6,1910,1029.7,11.7,6.8,,,,,,,,,5.4,3.3,4.8,-4.9,,,,,,,,,,,,,
235,2010-03-09,2.2,-1.8,2320,5.4,1225,11.92,,,,,6,8.3,340,1949,3,340,2324,1.5,1331,-1.4,48,51,78,5.5,1021.4,1029.2,0,1019.8,1748,1023.7,11.7,0,,,,4,2355,4,2355,4,10,7.1,4.5,-2.4,,,,,,,,,,,,,
235,2010-03-10,.3,-1.9,15,1.8,1240,10.58,,,,,.7,8.4,320,657,3,340,523,1.4,1196,-4.3,61,938,71.4,4.5,1019.6,1025.6,2359,1018.7,358,1021.9,11.7,.2,,,,1.2,755,5.2,755,1.2,8.1,6.8,2.3,-3.6,,,,,,,,,,,,,
235,2010-03-11,4,-2.7,607,7.9,1503,,,,,,,9.2,200,2142,6.3,200,2359,3.4,2903,-2.2,50,1537,65.1,5.2,1021.9,1026.3,226,1021.2,2119,1024.2,11.8,7.6,,,,,,,,,2.3,1.9,4.4,-7.3,,,,,,,,,,,,,
235,2010-03-12,7.8,2.7,2327,13.5,1218,,,,,,,17.2,200,1010,11.7,200,1243,5.9,5107,2.3,57,2355,68.4,7.4,1016.4,1024.6,2343,1015,1437,1018.6,11.8,2.6,,,,,,,,,7,4.6,7.4,0,,,,,,,,,,,,,
235,2010-03-13,4.8,1.5,648,9.2,1614,,,,,,,7.8,20,1123,4.9,50,1105,2.5,2202,-8.8,19,1123,38.5,3.2,1025,1029.8,901,1024.5,0,1027.2,11.9,6,,,,,,,,,2.8,0,5.4,-.1,,,,,,,,,,,,,
235,2010-03-14,11.5,2.2,126,16.2,2319,1,,,,,.3,10.4,160,2145,5,110,1716,2.6,2240,.7,28,1211,48.5,7.1,1019.2,1027.3,20,1015.6,2351,1021.4,11.9,1.5,,,,,,,,,6.3,4.3,7.2,.3,,,,,,,,,,,,,
235,2010-03-15,9.5,4.4,2236,16.2,18,13,,,,,14,14.7,180,802,8.3,200,833,3.1,2687,5.7,56,1924,77.8,9.8,1009.9,1019.9,2351,1004.7,756,1012.1,11.9,2,,,,,,,,,7.6,5.5,10.9,1.8,,,,,,,,,,,,,
235,2010-03-16,2.9,-1.3,2347,7.3,1133,,,,,,,7.7,360,352,3.4,360,401,1.6,1376,-6.5,30,1530,51.3,3.8,1022.1,1028.3,2400,1019.8,0,1024.3,12,9.6,,,,,,,,,1.6,1.3,5.9,-4.4,,,,,,,,,,,,,
235,2010-03-17,1.6,-2.4,501,4.6,1131,5.33,,,,,1.5,8.3,50,1409,5.8,50,1412,1.9,1641,-3.7,28,1100,69.5,4.7,1023.3,1029.1,219,1021.6,2316,1025.6,12,1.5,,,,.8,2350,.8,2350,.8,6.3,3.3,2.3,-6.8,,,,,,,,,,,,,
235,2010-03-18,.8,-2.4,2352,5.2,1503,3.5,,,,,3,8.9,20,207,5.4,20,128,2.5,2163,-4.9,36,1516,67.3,4.3,1019.5,1023.7,943,1020.4,438,1021.8,12,10.3,,,,3.4,250,4.1,250,3.4,2.8,2,4.9,-7.4,,,,,,,,,,,,,
235,2010-03-19,7,-3.1,332,13.8,2355,,,,,,,11.7,180,1558,7.6,200,1604,3.6,3147,-1.2,24,1259,60.5,6.1,1009.7,1021.2,0,1004.8,2359,1011.9,12.1,9.5,,,,,,,,,2,1.4,5.2,-8,,,,,,,,,,,,,
235,2010-03-20,8.8,3.9,2400,16.1,1003,1,,,,,.5,13.7,200,1008,8.4,200,1008,4.1,3554,5.6,59,2400,81.6,9.5,1001.5,1010.9,2359,997.6,1352,1003.7,12.1,.2,,,,,,,,,8.9,5,9.8,3.1,,,,,,,,,,,,,
235,2010-03-21,4.3,.8,2257,8.5,1425,,,,,,,8.5,20,919,4.3,360,921,1.8,1517,-4.8,27,1220,53,4.3,1016,1020.9,2400,1010.8,0,1018.2,12.2,9.4,,,,,,,,,1.4,.6,6.7,-2.6,,,,,,,,,,,,,
235,2010-03-22,4.9,.6,7,7.5,1450,.75,,,,,0,7.8,70,1349,4.6,50,1920,1.4,1238,-1.9,39,1422,62.5,5.4,1016.4,1021.3,130,1016,2031,1018.6,12.2,0,,,,,,,,,9,3.6,4.3,-1.9,,,,,,,,,,,,,
235,2010-03-23,7.2,3.4,359,12.3,1547,,,,,,,7.9,360,1332,4.6,360,1334,2.6,2270,1.1,46,1632,66.1,6.7,1015.6,1019.8,2211,1015.9,1519,1017.8,12.2,2,,,,,,,,,9.4,6.1,7.5,1.2,,,,,,,,,,,,,
235,2010-03-24,8.7,2.2,631,13.3,1135,,,,,,,6.1,50,20,3.8,50,22,1.4,1232,1.9,43,1136,63.8,7,1015.9,1020.6,947,1015.1,1657,1018.1,12.3,3.8,,,,,,,,,7.6,3.8,9.7,-1.6,,,,,,,,,,,,,
235,2010-03-25,6.4,2.8,2322,10.1,1309,1,,,,,0,12.4,360,1647,6.8,360,1651,2.2,1881,-4.4,19,1652,48.8,4.8,1016.5,1024.2,2355,1015.7,503,1018.8,12.3,4.7,,,,,,,,,6.1,3.9,8,-.5,,,,,,,,,,,,,
235,2010-03-26,3.8,-1.8,610,6.9,1440,,,,,,,9.7,230,1409,6.9,230,1534,3.1,2671,-6.1,19,1000,51.3,4.2,1023.5,1027.2,1006,1024.1,3,1025.7,12.3,9,,,,,,,,,.8,.8,5.7,-8.1,,,,,,,,,,,,,
235,2010-03-27,7.4,4.1,156,10.3,1252,,,,,,,10.2,200,947,7.3,200,1002,5,4335,3.8,68,1110,78.6,8.1,1023.6,1027,1115,1024.8,406,1025.8,12.4,4.8,,,,,,,,,5.1,3.9,8.3,1.3,,,,,,,,,,,,,
235,2010-03-28,4.8,.2,2334,8.9,1348,,,,,,,6.2,270,1215,3.4,230,3,1.2,1024,-3.3,27,1014,59,4.9,1024.4,1028.8,2314,1024.8,315,1026.6,12.4,10.6,,,,,,,,,1.9,1.4,10.6,-3.8,,,,,,,,,,,,,
235,2010-03-29,4.9,-1,447,11.1,1545,,,,,,,7,20,356,4.8,230,1220,1.4,1199,-2.5,28,935,61.5,5.1,1027.5,1031,957,1028.3,1614,1029.7,12.5,10.7,,,,,,,,,.4,0,9.7,-6.1,,,,,,,,,,,,,
235,2010-03-30,8.9,1.1,305,15.6,1414,,,,,,,8,230,1534,5.5,230,1536,1.6,1367,0,31,1400,55.5,6.2,1025.7,1030.7,0,1024.8,2352,1028,12.5,2,,,,,,,,,7.8,1.3,10.8,-1.4,,,,,,,,,,,,,
235,2010-03-31,10.7,7.5,504,12.2,1328,21.08,,,,,28,7.5,140,1028,3.6,160,358,1.7,1428,8.2,38,52,85.5,11.1,1014.5,1024.8,0,1013.6,1733,1016.7,12.6,0,,,,,,,,,10,7.1,9.8,6.1,,,,,,,,,,,,,
235,2010-04-01,6.6,1.7,2339,10.6,8,13.83,1,1325,3,1252,11,6.5,50,1654,4.2,20,1655,1.3,1116,4.8,71,2358,88.8,8.8,1011.7,1017.7,2359,1011.2,1312,1013.9,12.6,0,,,,,,,,,8.4,6.9,8.2,-2.9,,,,,,,,,,,,,9.17
235,2010-04-02,5.5,-.9,626,10.4,1414,,,,,,,8.4,230,1553,6.4,200,1600,2.4,2031,-.5,41,1427,66.8,6,1018.2,1023.6,2315,1017.7,0,1020.4,12.6,10.1,,,,,,,,,.9,.1,7.8,-6,,,,,,,,,,,,,
235,2010-04-03,5,-.2,612,11.3,1320,,,,,,,6.4,230,1202,2.9,20,1054,1.1,945,-5.8,21,1211,49.1,4,1023.8,1028.2,1013,1023.6,0,1026,12.7,10.8,,,,,,,,,0,0,8.2,-5.6,,,,,,,,,,,,,
235,2010-04-04,7.1,-.4,312,13.5,1352,,,,,,,8.5,200,1231,5.5,230,1153,1.7,1456,-2.7,28,1208,52.1,5.1,1018.2,1025.2,0,1017.3,2003,1020.4,12.7,10.6,,,,,,,,,2.6,0,9.6,-4,,,,,,,,,,,,,
235,2010-04-05,11.2,6,102,17.6,1403,,,,,,,6.2,250,1418,3.3,200,1656,1.5,1332,3.8,39,1317,62.4,8.1,1013.6,1018.2,0,1012.6,1705,1015.8,12.7,8.9,,,,,,,,,5.1,2.8,13.8,3.5,,,,,,,,,,,,,
235,2010-04-06,7.6,2.6,2352,12.4,1350,,,,,,,8.3,360,1344,3.8,360,1349,1.3,1160,2.1,47,1728,70,7.4,1017.1,1023.1,2348,1015.5,0,1019.3,12.8,5,,,,,,,,,6.3,3,10.7,-2.4,,,,,,,,,,,,,
235,2010-04-07,6,.1,604,12.4,1239,,,,,,,7.6,290,1357,4.3,360,1030,1.4,1178,-3.1,28,1240,54.3,4.9,1022.8,1026.8,2210,1023,0,1025.1,12.8,11,,,,,,,,,.3,0,10.5,-3.3,,,,,,,,,,,,,
235,2010-04-08,7.6,-1,407,13.2,1508,,,,,,,7.7,250,1153,5.2,230,1148,1.6,1425,-1.5,32,1240,54.3,5.5,1021,1026.3,0,1021.2,1824,1023.3,12.8,11,,,,,,,,,.8,0,11.1,-4.1,,,,,,,,,,,,,
235,2010-04-09,10.9,6.1,608,18,1441,,,,,,,6.2,270,1302,4.1,200,1506,1.6,1390,-2.9,9,1614,44.6,5.3,1016.4,1022.3,0,1014.5,1948,1018.6,12.9,9.5,,,,,,,,,2.1,0,14.1,3.7,,,,,,,,,,,,,
235,2010-04-10,11,7.7,27,16.2,1241,1,.1,,.1,,.1,5.6,200,1243,3.9,200,1246,1.4,1224,4.4,40,248,66,8.7,1013,1017.7,2215,1013.1,335,1015.2,12.9,.4,,,,,,,,,9.9,4.9,10.7,4.3,,,,,,,,,,,,,
235,2010-04-11,14,8.4,623,20.7,1339,,,,,,,8.3,20,520,5.2,50,525,2.2,1906,7.1,46,1331,64.9,10.1,1012.1,1017,143,1012.2,2355,1014.3,13,2.2,,,,,,,,,7.9,3.6,15.5,5.9,,,,,,,,,,,,,
235,2010-04-12,12.5,7.5,2400,19.6,1410,4.92,1,2245,3,2229,4.5,7.1,70,1027,3.9,50,1027,1.7,1508,6,45,1357,66.5,9.4,1008.8,1013.3,2351,1007.5,1355,1010.9,13,.9,,,,,,,,,10,4.3,14.9,7.7,,,,,,,,,,,,,
235,2010-04-13,5.7,4,2028,7.9,1135,2.92,1,54,2.5,12,5,9.9,270,1436,3.4,340,1001,2.1,1833,-3.1,35,1752,55.3,5.1,1019.6,1028.2,2240,1012.7,3,1021.8,13,7.1,,,,,,,,,5.8,4.6,9.8,1.3,,,,,,,,,,,,,
235,2010-04-14,4.9,1.5,607,7.8,1123,,,,,,,8.3,360,337,4.9,360,1003,2,1726,-8.4,22,935,38.4,3.3,1025.7,1029.4,720,1026.4,1758,1027.9,13.1,3.2,,,,,,,,,6.6,2.5,5.8,-3.6,,,,,,,,,,,,,
235,2010-04-15,6,0,355,11.8,1315,,,,,,,9.2,20,1150,5.1,70,1111,1.7,1435,-4.4,18,1155,50.4,4.5,1023,1027.9,8,1022.6,1747,1025.2,13.1,9.8,,,,,,,,,2.8,.8,10,-3.9,,,,,,,,,,,,,
235,2010-04-16,6.2,1.2,606,13,1211,,,,,,,6.4,230,1457,2.9,20,910,1,900,-3.8,22,1506,51.1,4.7,1022.3,1025.6,2251,1023.1,1611,1024.5,13.1,10.8,,,,,,,,,.3,.3,10.8,-2,,,,,,,,,,,,,
235,2010-04-17,6.8,.1,225,13.4,1449,,,,,,,5.2,230,1118,3.7,200,1154,1.2,1005,-1.5,24,938,58.6,5.7,1024.9,1028.5,1019,1025.3,42,1027.1,13.2,10.9,,,,,,,,,1.9,.6,12.2,-3.1,,,,,,,,,,,,,
235,2010-04-18,12,3.6,139,17.5,1240,1.25,.1,,.1,,.1,11.3,110,1930,5.4,230,1411,2.5,2130,2,21,1054,54.6,7.1,1022,1027.8,137,1021.2,2223,1024.1,13.2,0,,,,,,,,,9.6,3.3,10,.9,,,,,,,,,,,,,
235,2010-04-19,17.3,13.7,2311,20.4,1308,,,,,,,8.1,230,1303,4.6,200,1604,2.3,2009,7.4,29,9,53,10.4,1014.3,1021.5,0,1012.7,1947,1016.4,13.3,.1,,,,,,,,,8.4,4.9,14.2,8.1,,,,,,,,,,,,,
235,2010-04-20,15.1,10.7,2355,22.6,1318,,,,,,,6.3,340,1324,3.2,20,1049,1.2,1030,9.9,45,1347,73.5,12.2,1012,1016.4,2212,1011.8,434,1014.2,13.3,7.3,,,,,,,,,6.1,1.5,18.6,7.1,,,,,,,,,,,,,
235,2010-04-21,12.7,8.5,511,18.1,1603,7.5,1,2250,2.5,2247,5,8.8,50,2240,5.5,50,2150,1.9,1659,9.2,51,1607,80.1,11.7,1012.5,1016.7,839,1012.2,1753,1014.7,13.3,0,,,,,,,,,9.1,4.1,13.8,5.4,,,,,,,,,,,,,1.17
235,2010-04-22,12,9.3,311,14.7,1318,2.5,.5,0,1,0,1.5,11.7,50,23,6.7,50,150,2.8,2416,6.1,54,1315,68,9.4,1010.5,1015.9,2215,1009.4,316,1012.7,13.4,.3,,,,,,,,,9.9,5.1,12.7,8.1,,,,,,,,,,,,,
235,2010-04-23,9.3,5.5,2336,14.1,1429,,,,,,,7.2,200,1315,5.2,200,1318,1.2,1071,6,53,1535,80.6,9.3,1015,1020.5,2340,1014.5,405,1017.2,13.4,8.6,,,,,,,,,4.4,3.4,14.7,2.5,,,,,,,,,,,,,1.58
235,2010-04-24,8.9,3.2,456,14.9,1506,,,,,,,6.4,200,1122,4.1,230,1309,1.2,1055,2.9,30,1503,70.6,7.6,1021.1,1024.8,2356,1020.5,0,1023.3,13.4,11.5,,,,,,,,,0,0,14.6,0,,,,,,,,,,,,,
235,2010-04-25,12.1,3.2,450,18.7,1440,,,,,,,6,200,1349,4.9,200,1330,1.4,1186,-.5,19,1453,45.1,5.9,1022.8,1026.9,744,1023.1,1537,1024.9,13.5,10,,,,,,,,,3.5,0,15.6,-.3,,,,,,,,,,,,,
235,2010-04-26,13.2,9.7,531,18.4,1051,12.25,1.5,1750,6,1734,25.5,10.5,110,1614,5.4,200,1741,2.4,2102,5.4,26,626,65.3,9.6,1014.4,1024.5,0,1011.3,2357,1016.6,13.5,0,,,,,,,,,9.9,5.8,12.7,6.8,,,,,,,,,,,,,2.5
235,2010-04-27,9.1,6.9,2053,11.8,1007,3.83,.1,,.1,,.3,12.3,250,1046,8.1,200,804,4.6,3996,3.6,49,1905,69.9,8.1,1008.4,1014.3,2332,1007.2,549,1010.6,13.5,3.2,,,,,,,,,5.3,4.9,10.7,3.5,,,,,,,,,,,,,2.5
235,2010-04-28,7.5,5,425,9.9,1555,11.5,1,1143,2,1045,5.5,14,200,1509,8.9,200,1513,3.7,3218,2.7,48,914,72.6,7.5,1007.6,1014.2,0,1004.3,1510,1009.8,13.6,1.1,,,,,,,,,9.1,5.9,6.7,2.4,,,,,,,,,,,,,
235,2010-04-29,10.1,7.3,3,13.2,1330,,,,,,,9.4,200,1154,6.6,230,1350,3.6,3091,4.8,53,754,70.6,8.6,1012.1,1016.5,2139,1011.9,19,1014.3,13.6,8.9,,,,,,,,,3.8,3.3,11.4,4.3,,,,,,,,,,,,,
235,2010-04-30,9.9,5,2338,14.8,1216,,,,,,,6.8,230,1519,4.5,230,1527,1.9,1623,4,39,1504,70.1,8.2,1014.5,1018.4,2304,1015,427,1016.6,13.6,11.1,,,,,,,,,1.5,1.1,15.1,1.8,,,,,,,,,,,,,
235,2010-05-01,11.4,3.5,347,16.5,1203,,,,,,,8.3,230,1118,6.1,200,1125,2.5,2202,1.6,29,1129,54.6,6.9,1015.9,1019.7,1044,1016.4,1849,1018,13.7,11.7,,,,,,,,,0,0,14.6,.4,,,,,,,,,,,,,
235,2010-05-02,17.3,10.3,0,21.5,1147,,,,,,,11,180,820,7.2,200,840,4,3472,5.7,22,836,49.4,9.8,1013.2,1017.1,0,1013.2,1809,1015.3,13.7,11.5,,,,,,,,,.6,0,17.9,5.4,,,,,,,,,,,,,
235,2010-05-03,19.5,18,403,21.6,1443,,,,,,,12.8,200,948,8.2,200,903,6.7,5768,15.8,73,0,79.6,17.9,1012.8,1016.1,1016,1013.9,1717,1014.9,13.7,0,,,,,,,,,7.5,6.3,18.7,16.9,,,,,,,,,,,,,
235,2010-05-04,20.5,15.5,2255,24.5,1159,,,,,,,11.1,200,1502,7.1,200,753,4.8,4188,15.3,59,1453,73.3,17.4,1011.8,1015.8,58,1011.4,1821,1013.9,13.8,6.1,,,,,,,,,7.3,3,21.4,11.6,,,,,,,,,,,,,
235,2010-05-05,21.4,14.8,416,25,1255,1.58,.2,,.3,2315,.3,11.6,230,2357,6.9,200,1221,3.5,3024,12.3,39,1203,57.6,14.4,1006.3,1013.1,0,1004.2,2348,1008.4,13.8,2.6,,,,,,,,,8.1,2.8,20.7,11.3,,,,,,,,,,,,,
235,2010-05-06,12.8,7.8,2157,20.7,0,10.92,1,18,2.5,16,10,14,230,7,9.2,230,222,3.6,3081,10.8,74,0,88.1,13.3,1004.4,1010.6,2217,1002.9,501,1006.5,13.8,.3,,,,,,,,,8.4,5.9,17.1,6.4,,,,,,,,,,,,,4.08
235,2010-05-07,12.2,6.3,336,19.1,1520,,,,,,,5.6,180,1328,3.9,230,1250,1.6,1416,7.5,46,1521,75,10.4,1008.4,1011.5,2346,1009.3,351,1010.5,13.9,11.9,,,,,,,,,0,0,17,3.7,,,,,,,,,,,,,
235,2010-05-08,14.4,8.3,123,19.5,1456,,,,,,,7,230,1018,5,200,1015,1.6,1347,8.2,46,815,68.8,11,1008.6,1011.7,952,1009.7,1655,1010.7,13.9,9.9,,,,,,,,,4.1,0,18.1,6.5,,,,,,,,,,,,,
235,2010-05-09,16.9,11.2,432,25.3,1404,,,,,,,7.4,200,1445,4.7,230,1453,1.2,1056,8.8,29,1310,62.4,11.4,1007.3,1011.7,625,1007.5,1405,1009.5,13.9,3.5,,,,,,,,,7.9,2.8,19.9,10,,,,,,,,,,,,,
235,2010-05-10,14.7,9.3,2354,20,1610,,,,,,,7,20,1234,2.6,340,1242,1.3,1088,7.1,41,1326,62,10.2,1007.7,1012,2312,1008.1,1536,1009.8,14,9.4,,,,,,,,,4.3,1.9,20.7,7.8,,,,,,,,,,,,,
235,2010-05-11,12.6,7.5,538,21,1303,.22,0,,0,,0,8.7,230,1451,5.7,230,1341,1.5,1290,6.8,29,1257,70,9.9,1010.7,1014.6,1107,1011.2,1240,1012.8,14,8.3,,,,,,,,,1.5,1.5,18,5.9,,,,,,,,,,,,,
235,2010-05-12,11.8,7.2,545,18.6,1350,,,,,,,6,270,1427,3.4,250,1431,1.1,930,7.5,46,1352,77.1,10.4,1014.2,1017.7,2214,1014.5,33,1016.4,14,10.3,,,,,,,,,.5,.5,19,5.4,,,,,,,,,,,,,
235,2010-05-13,12.9,7.4,459,19,1322,,,,,,,6.2,230,1127,4.6,230,1341,1.6,1379,7.7,45,1409,73.1,10.6,1015,1018.8,2350,1015.7,1455,1017.1,14,11.2,,,,,,,,,.3,.3,19.4,5.5,,,,,,,,,,,,,
235,2010-05-14,14.8,8.8,436,20.3,1506,,,,,,,6.9,230,1156,4.8,230,1203,1.3,1097,8.7,47,1501,69,11.3,1017.3,1020.8,1003,1018.2,1652,1019.5,14.1,11.4,,,,,,,,,1,0,20.8,6.7,,,,,,,,,,,,,
235,2010-05-15,15.4,9.5,315,21.2,1330,,,,,,,5.5,200,1504,3.1,200,1530,1.2,1048,7.6,34,1332,61.4,10.4,1017.2,1020.8,730,1017.8,1816,1019.3,14.1,.5,,,,,,,,,5.6,2.5,17.9,8.2,,,,,,,,,,,,,
235,2010-05-16,17,9.4,410,24.8,1402,,,,,,,4.7,270,1336,3.3,200,1000,1.1,973,7.2,29,1239,56,10.2,1017,1020.4,813,1017.5,1735,1019.1,14.1,11.3,,,,,,,,,3.6,0,21.8,6.5,,,,,,,,,,,,,
235,2010-05-17,19.3,11.6,537,24.8,1418,4.75,1.5,2059,6.5,2058,11.5,7,230,1117,4.9,230,1121,1.7,1470,11.1,31,1117,62.1,13.4,1013.6,1019,0,1012.7,2358,1015.7,14.2,9.3,,,,,,,,,6.8,2.4,23.8,8.8,,,,,,,,,,,,,
235,2010-05-18,18.4,15,2357,20.3,1020,23.83,1.5,46,5.5,418,33,11.2,200,808,5.7,200,1504,3.6,3120,16.7,83,700,90.3,19.1,1004.5,1012.8,1,1004,1709,1006.6,14.2,0,,,,,,,,,10,7.1,18.8,15.1,,,,,,,,,,,,,1
235,2010-05-19,16.2,13.7,505,19.9,1048,2.25,.5,150,.5,105,.5,5.8,230,1120,3.9,230,1304,1.9,1673,14.4,80,1504,89.6,16.4,1005.8,1010.4,2355,1006,305,1007.9,14.2,2.9,,,,,,,,,8.6,7.4,21.3,13.8,,,,,,,,,,,,,8.92
235,2010-05-20,17.8,12.7,529,22.6,1036,,,,,,,7.3,230,1254,5.2,230,1412,2,1757,13.3,48,1335,76.8,15.3,1010.6,1015.1,2200,1010.2,17,1012.7,14.2,11.1,,,,,,,,,.3,0,21.7,10.6,,,,,,,,,,,,,2.25
235,2010-05-21,20.7,13.4,534,29.1,1252,,,,,,,5.8,50,2135,3.6,20,1133,1.2,1075,14.4,35,1312,69.9,16.5,1010.3,1015.2,529,1009.7,2354,1012.4,14.3,10.4,,,,,,,,,3.1,.5,24,11.5,,,,,,,,,,,,,
235,2010-05-22,17.9,14.8,1914,22.3,856,12.08,2.5,1859,8.5,1835,28.5,9.1,110,1728,5.1,50,2013,2.1,1778,13.2,49,853,75.4,15.3,1003.3,1010,8,999.2,2358,1005.4,14.3,0,,,,,,,,,10,5.9,18.3,14.3,,,,,,,,,,,,,
235,2010-05-23,16.7,14.5,2353,18.5,1716,16.67,2.5,456,7,435,20,9.8,180,2148,6.3,200,2148,2.6,2222,14.4,80,203,86.6,16.4,991.7,999.3,0,991.2,1918,993.8,14.3,0,,,,,,,,,10,7,16.8,14.2,,,,,,,,,,,,,
235,2010-05-24,13.9,13,931,14.6,2148,13.08,1,502,3,447,14,9.6,200,204,6.6,200,412,3.2,2735,12.3,86,2220,90.5,14.3,993.7,999,2135,990.8,333,995.8,14.3,0,,,,,,,,,10,7.1,15.7,13.4,,,,,,,,,,,,,
235,2010-05-25,14.7,12.6,2119,18,1203,5.17,1,341,2,311,5,6.7,200,1415,4.5,200,1420,1.7,1446,12.2,73,1601,85.8,14.2,1000.3,1006.9,2243,997.8,204,1002.4,14.3,4.9,,,,,,,,,8.5,5.9,18,11.9,,,,,,,,,,,,,
235,2010-05-26,17.8,13.5,6,21.5,1821,,,,,,,7.5,50,2233,4.7,200,1207,2.1,1838,12.5,46,1826,72.5,14.7,1009.1,1015.1,2331,1006.9,0,1011.2,14.4,7.7,,,,,,,,,3.6,3.1,21,12.3,,,,,,,,,,,,,
235,2010-05-27,17.2,12.9,302,22.7,1218,,,,,,,5.3,70,845,3.3,20,400,1.5,1326,8.7,34,1032,60,11.4,1015,1018.1,840,1014.8,0,1017.1,14.4,10.3,,,,,,,,,3.6,.3,20.9,9.8,,,,,,,,,,,,,
235,2010-05-28,15.4,12.1,440,18.3,1136,,,,,,,4.1,320,1425,1.9,250,1136,.6,488,12.8,72,1229,85.1,14.8,1014.2,1018.4,650,1014.1,1821,1016.3,14.4,0,,,,,,,,,9.4,4.4,17.1,10.8,,,,,,,,,,,,,
235,2010-05-29,17.9,13.4,531,22.8,1323,,,,,,,6.8,230,1358,4.9,200,1358,1.1,938,13,54,1147,74.6,15,1010.1,1014.8,14,1010.3,1709,1012.2,14.4,10.1,,,,,,,,,3.5,3,22.9,11.3,,,,,,,,,,,,,
235,2010-05-30,17.7,13.6,509,22.3,1427,,,,,,,6.1,230,1304,4.1,200,1157,1.3,1090,12.9,55,1725,74.8,14.9,1009.8,1013.2,605,1010.7,1753,1011.9,14.4,8.6,,,,,,,,,4.3,2.8,22.8,11.7,,,,,,,,,,,,,
235,2010-05-31,18.4,15.5,326,23,1431,,,,,,,7.1,360,1701,4,360,1653,1.8,1565,8.3,33,1021,53.9,11.1,1011.8,1015,2205,1012.2,0,1013.9,14.5,4.6,,,,,,,,,6.5,2.9,22.5,13.9,,,,,,,,,,,,,
235,2010-06-01,16.6,11.6,512,21.9,1240,,,,,,,6.5,200,1340,5,200,1346,1.7,1459,12,45,950,75.6,14.1,1013.2,1016.2,759,1014.3,1647,1015.3,14.5,11.9,,,,,,,,,.1,.1,22.8,9.3,,,,,,,,,,,,,
235,2010-06-02,16.7,12.7,516,21.6,1037,,,,,,,6.5,230,1126,5,200,1126,1.6,1374,13,65,957,79.3,15,1015.7,1019.7,2313,1015.8,145,1017.8,14.5,11.5,,,,,,,,,1.5,1.5,23.4,9.8,,,,,,,,,,,,,
235,2010-06-03,19.7,14.8,528,25.5,1353,,,,,,,5.3,320,1603,2.7,20,1048,1.1,910,13.6,46,1201,70.3,15.6,1016.9,1020.2,716,1017.4,1728,1019,14.5,10.3,,,,,,,,,1.3,1.3,25.9,13.4,,,,,,,,,,,,,
235,2010-06-04,21.2,14.2,437,27.9,1303,,,,,,,6.6,50,1057,4,360,1057,1.7,1437,12.3,36,1312,59.9,14.3,1014.6,1018.9,59,1014.4,1622,1016.7,14.5,11.4,,,,,,,,,.4,.4,26,12.9,,,,,,,,,,,,,
235,2010-06-05,20.4,14.4,352,26.8,1504,,,,,,,4.8,340,1659,3.6,200,1121,1,903,11.7,35,1512,60,13.8,1012.2,1015.9,0,1012.4,1812,1014.2,14.5,8.9,,,,,,,,,4.1,0,24.9,12.4,,,,,,,,,,,,,
235,2010-06-06,22.4,16,442,30.4,1621,1.92,4,2025,8.5,2020,11,8.9,180,2157,4.8,200,2202,1.6,1367,13.3,25,1728,61,15.6,1010.8,1015.1,2129,1010.6,1717,1012.8,14.6,10.6,,,,,,,,,5,2.1,27.2,14.4,,,,,,,,,,,,,
235,2010-06-07,20.8,17.1,427,25.9,1433,,,,,,,5.9,200,1500,4.6,200,1507,1.5,1321,16.4,52,1434,77.5,18.7,1012.5,1016.4,2304,1013.1,0,1014.6,14.6,11.2,,,,,,,,,1.8,.6,24.8,16.4,,,,,,,,,,,,,
235,2010-06-08,21.6,16.1,527,28.6,1405,,,,,,,4.5,20,1159,2.7,20,1201,1,822,14.7,31,1348,67.8,16.7,1013.1,1016.6,811,1013.7,1523,1015.2,14.6,11.8,,,,,,,,,.1,.1,26.5,15.2,,,,,,,,,,,,,
235,2010-06-09,22.3,16,426,28.4,1400,,,,,,,5.3,200,1155,3.6,200,1000,1.1,931,14.2,31,1536,63.9,16.3,1012.6,1015.9,955,1013.3,1457,1014.7,14.6,11.9,,,,,,,,,1.5,0,27.6,15.2,,,,,,,,,,,,,
235,2010-06-10,22.2,16.6,411,29.4,1242,,,,,,,7.4,230,1258,5,230,1307,1.1,933,13.7,33,1638,61.3,15.8,1012,1015.6,0,1012.6,1801,1014,14.6,8.7,,,,,,,,,5.1,0,26.3,16.4,,,,,,,,,,,,,
235,2010-06-11,22.9,17.9,518,29.6,1314,3.92,1,2326,2.1,2257,2.5,7.8,230,1032,4.5,200,1036,1.3,1092,14.6,33,1049,62.1,16.8,1010.4,1013.8,0,1011,1749,1012.4,14.6,4.4,,,,,,,,,8.1,3.8,26.7,16.6,,,,,,,,,,,,,
235,2010-06-12,22.4,19.5,745,25.8,1724,10,1.5,56,2.5,2,7,8.4,140,440,4,110,347,1.6,1341,17.3,58,1726,73.4,19.7,1007.2,1012.2,29,1007.7,1755,1009.3,14.6,.2,,,,,,,,,10,6.1,23.5,19.5,,,,,,,,,,,,,
235,2010-06-13,21.9,19.9,659,26.1,1412,6,2,747,5.5,735,13,4.6,360,636,2.8,360,735,1.2,1061,19.3,67,1513,86,22.5,1006.2,1009.3,1046,1007.2,1428,1008.3,14.6,3.7,,,,,,,,,8.3,5.3,25.2,20.7,,,,,,,,,,,,,
235,2010-06-14,22.8,18.9,419,26.5,1642,1.67,.2,,.5,540,.5,6.1,360,1411,3.4,20,1416,1.3,1145,19.5,69,1606,82.4,22.6,1005.9,1009.4,830,1006.3,2023,1008,14.6,2.3,,,,,,,,,8.9,6.8,26.1,20.8,,,,,,,,,,,,,
235,2010-06-15,21.7,18.7,2119,26.6,1258,1,.5,235,.5,220,.5,6.1,230,1440,4.7,200,1436,1.6,1420,19.1,69,1227,85.9,22.1,1004,1007.7,0,1004.4,1844,1006.1,14.6,6.1,,,,,,,,,6,5,27,18.5,,,,,,,,,,,,,
235,2010-06-16,21.1,18.2,503,25.1,1044,.58,.1,,.1,,.1,8.9,230,1438,6.7,230,1432,2.4,2110,18.5,72,1044,85.4,21.2,1005.4,1009.7,812,1006.1,1819,1007.5,14.6,6,,,,,,,,,6.4,4.6,25.2,17.6,,,,,,,,,,,,,2.08
235,2010-06-17,23,18.5,420,27.2,1228,,,,,,,4.8,20,1003,3.2,20,956,1,881,19.3,61,1220,80.1,22.4,1004.1,1008.6,0,1003.9,2329,1006.1,14.6,2.2,,,,,,,,,7.4,4.4,25.9,17.6,,,,,,,,,,,,,
235,2010-06-18,23.7,20.8,1831,28.6,1211,3.08,6,1630,9.5,1547,14.5,6.4,180,1811,4,230,1813,1.3,1120,20.7,61,1139,84.4,24.5,1001,1004.4,2317,1001.4,1409,1003,14.6,.8,,,,,,,,,8.1,6.6,26.8,21.7,,,,,,,,,,,,,1.33
235,2010-06-19,22,20.8,2356,24.2,1435,.08,0,,0,,0,5.1,230,849,3.6,230,852,1.4,1175,19.9,77,1437,88,23.2,1002.9,1006.2,1101,1004,309,1004.9,14.6,.2,,,,,,,,,10,6.4,24.9,20.9,,,,,,,,,,,,,7.25
235,2010-06-20,21,18.2,1911,25.4,1322,1.23,.5,649,.5,601,.5,5.2,200,1119,4,230,1127,1.5,1328,18.7,71,1322,87.6,21.6,1002.6,1006.2,2300,1004,1325,1004.7,14.6,3.6,,,,,,,,,7.6,6.1,25.2,20.4,,,,,,,,,,,,,4.83
235,2010-06-21,20.1,16.7,2344,24.6,1458,,,,,,,5.8,200,1535,3.7,230,1540,1.5,1320,17.2,65,1354,84.6,19.7,1004,1007.2,2339,1005.2,206,1006.1,14.7,6,,,,,,,,,6,4.1,25.7,16.6,,,,,,,,,,,,,.5
235,2010-06-22,20.6,15.6,404,25.1,1412,,,,,,,7.6,200,1256,5.4,230,1237,1.5,1337,13.7,31,1647,66.8,15.8,1005.7,1009.6,1054,1006.4,1719,1007.8,14.6,7.2,,,,,,,,,4.6,1.4,26,14.9,,,,,,,,,,,,,
235,2010-06-23,21,17.2,2323,25.5,1134,,,,,,,6.2,200,1336,4.6,230,1502,1.4,1249,14.9,47,1004,69.8,17,1006.7,1010.4,2342,1007.4,1637,1008.8,14.6,9.1,,,,,,,,,1.5,0,28.1,16.9,,,,,,,,,,,,,
235,2010-06-24,20.9,16,459,26.5,1429,,,,,,,6.3,230,1232,4.7,200,1159,1.1,984,16.5,55,1351,77.3,18.8,1007.9,1011.1,805,1008.7,1627,1009.9,14.6,9.5,,,,,,,,,.9,.4,28.9,15,,,,,,,,,,,,,
235,2010-06-25,24.7,17.6,100,30.4,1350,3.42,.1,,.1,,.2,6.3,200,1412,4.8,230,1417,1.3,1123,17.4,47,1345,65.5,19.9,1006.5,1010.6,8,1006.8,1713,1008.6,14.6,8.4,,,,,,,,,7,2,30.2,17.6,,,,,,,,,,,,,
235,2010-06-26,24,20.9,525,26.5,1603,8.17,.5,1755,1,2254,2,6.6,200,2216,4.2,50,1712,2.1,1857,19.7,52,51,78.3,23.2,1003.4,1007.3,0,1003.9,1658,1005.4,14.6,0,,,,,,,,,10,6.1,25.2,21.1,,,,,,,,,,,,,
235,2010-06-27,21.7,20.8,1218,23.1,1655,12.83,.5,21,2.5,354,8.5,8.8,200,516,6.2,230,518,3.2,2758,20.4,89,1531,92.5,24,1005.8,1009.5,2157,1005.2,247,1007.9,14.6,.3,,,,,,,,,9.6,8.4,24.2,20.6,,,,,,,,,,,,,3.67
235,2010-06-28,22.6,19.9,622,27.6,1218,,,,,,,5.9,230,1409,4.1,230,1407,1.5,1267,19.3,61,1221,82.8,22.5,1005.4,1009.6,29,1006.1,1333,1007.4,14.6,5.6,,,,,,,,,5.6,3.9,26.8,19.8,,,,,,,,,,,,,2
235,2010-06-29,22.6,19.5,610,27.4,1329,,,,,,,5.4,230,1449,3.8,230,1515,1.2,1046,19.8,65,1330,84.5,23,1005.5,1009.1,810,1006.3,1940,1007.6,14.6,3.5,,,,,,,,,6.8,6,27.4,19.2,,,,,,,,,,,,,3
235,2010-06-30,23.3,20.8,17,25.2,1437,1.58,.5,1022,.5,945,.5,5.8,230,1538,3.8,230,1542,1.3,1117,21,81,1519,87.4,25,1003.8,1007.5,0,1003.9,1855,1005.8,14.6,0,,,,,,,,,10,5.8,25.6,21.1,,,,,,,,,,,,,
235,2010-07-01,23.8,22.9,508,25.3,1534,10.42,.5,634,1,913,2.5,5,230,1120,3.6,200,1023,1.2,1019,22.3,87,154,92.1,27,1001.9,1005.3,911,1002.9,1547,1003.9,14.6,0,,,,,,,,,10,8.5,24.7,23.3,,,,,,,,,,,,,1.08
235,2010-07-02,25.9,23.3,2356,28.9,1229,9.67,2.5,1951,3.5,1904,6.5,11,200,1641,7,200,1515,4,3421,23.4,76,1232,86.6,28.8,998.1,1002.9,0,998.4,1809,1000.1,14.6,.3,,,,,,,,,9.9,6.6,26.2,23.3,,,,,,,,,,,,,
235,2010-07-03,23.6,21.8,701,26.5,1403,4.83,.1,,.3,340,.5,6.4,230,57,4.6,200,1,2.1,1810,21.8,81,1404,90,26,997,1000.2,2203,998.1,250,999,14.6,1.5,,,,,,,,,9.8,7,27.4,22.6,,,,,,,,,,,,,10
235,2010-07-04,24.8,22.9,40,28.6,1144,,,,,,,5.3,200,1203,3.6,230,1736,1.5,1268,22.3,74,1145,86.8,26.9,997.6,1000.7,2130,998.5,1709,999.6,14.6,3.3,,,,,,,,,10,6.3,28.4,23,,,,,,,,,,,,,.5
235,2010-07-05,24.1,21.8,2349,27.3,1202,2.5,.5,530,1.5,521,2,5.6,230,1252,4,200,1259,1.6,1344,21.9,74,1522,88.3,26.4,997.7,1000.9,2258,998.5,1656,999.7,14.6,3,,,,,,,,,6.9,4.5,27.8,21.8,,,,,,,,,,,,,3.5
235,2010-07-06,24.7,21.9,50,27.7,1533,,,,,,,8.3,180,2317,5.4,230,1548,2.8,2417,22.4,73,1539,87.6,27.2,999.5,1003.3,2206,999.9,401,1001.5,14.6,8.1,,,,,,,,,4.1,4.1,30.8,21.4,,,,,,,,,,,,,
235,2010-07-07,24.1,19.9,2258,28.2,1052,,,,,,,8.3,200,108,6.3,200,117,1.9,1664,19.6,52,1457,77.5,22.9,1003.3,1008.9,2155,1002,125,1005.3,14.6,9.9,,,,,,,,,3.3,2.4,31.8,20.8,,,,,,,,,,,,,.5
235,2010-07-08,23.3,18.9,457,28.4,1342,2.5,.3,1817,.5,1817,.5,6.3,110,2019,3.1,140,2027,1.1,940,18,44,1332,73.5,20.7,1007.1,1010.7,1102,1007.9,259,1009.1,14.5,5.1,,,,,,,,,7.5,2.6,28.8,19.7,,,,,,,,,,,,,
235,2010-07-09,24.9,20.6,531,30.2,1319,1.33,.5,3,.5,3,.5,5.6,200,1211,3.7,200,1212,.9,790,18.6,42,1405,70.8,21.6,1006.1,1009.3,2153,1006.7,1718,1008.1,14.5,8.4,,,,,,,,,3.9,2.3,30.9,21.1,,,,,,,,,,,,,
235,2010-07-10,26.2,21.3,528,30.2,1425,.67,0,,0,,0,5.1,70,1929,3.2,20,1315,1.1,993,20.6,54,2315,72.4,24.3,1005.3,1009.9,1058,1004.2,2332,1007.3,14.5,1.6,,,,,,,,,7.9,2,31.1,21.8,,,,,,,,,,,,,
235,2010-07-11,23.4,21.5,2246,26.6,0,8.5,1.5,632,5,625,11.5,9.2,70,1353,6.4,50,1412,2.3,1963,20.1,59,324,82.4,23.5,1000.1,1006.5,2353,999.8,1311,1002.1,14.5,.9,,,,,,,,,8.8,6.5,24.9,21.4,,,,,,,,,,,,,
235,2010-07-12,24.2,20.9,444,28.6,1059,,,,,,,6.5,230,1131,4.8,230,1117,1.2,1036,20,59,1055,78.8,23.5,1006.9,1011,2230,1006.4,4,1008.9,14.5,7.5,,,,,,,,,5.5,4.3,28.4,20.7,,,,,,,,,,,,,
235,2010-07-13,25.3,21.5,453,30.6,1610,,,,,,,7.1,20,1316,4.3,50,1446,1.5,1277,19.8,43,1505,74.4,23.2,1006.1,1011.1,9,1005.9,1606,1008.1,14.5,7,,,,,,,,,5.9,4.8,30.9,22.1,,,,,,,,,,,,,
235,2010-07-14,23.7,20.8,542,28,1303,,,,,,,5.9,230,1150,4.2,200,1149,1.2,1046,20.6,56,1708,83.4,24.3,1007.9,1011.6,2300,1008.2,244,1010,14.4,9.2,,,,,,,,,2.5,1.4,31.5,19.7,,,,,,,,,,,,,
235,2010-07-15,24.8,20.4,159,28.7,1507,,,,,,,6.1,200,1100,4.5,230,1325,1.3,1084,20.6,61,1508,78.1,24.2,1009.9,1013.2,1011,1011,1843,1011.9,14.4,9.7,,,,,,,,,5.9,5.5,32.7,19.2,,,,,,,,,,,,,
235,2010-07-16,25.6,23.1,140,28.2,1220,9.33,2.5,1426,6.5,1553,29,11.4,200,2129,7.1,200,2330,3.1,2648,22.4,72,1209,83,27.1,1008.6,1011.9,48,1009.5,1503,1010.6,14.4,0,,,,,,,,,10,6.4,25.5,22.8,,,,,,,,,,,,,
235,2010-07-17,25.4,23.8,1112,26.8,1623,13.83,7,744,22.5,654,65,14.2,180,840,8.2,200,911,5.2,4479,23.1,83,1811,87.5,28.3,1011,1014.5,2141,1011.2,0,1013,14.4,0,,,,,,,,,10,6.4,25,23.2,,,,,,,,,,,,,
235,2010-07-18,27.1,25.5,2154,30.1,1222,,,,,,,12.8,200,950,8.7,200,1116,5.4,4656,22.6,67,1110,76.9,27.4,1010.8,1014.1,42,1011.3,1838,1012.8,14.4,6.8,,,,,,,,,7.4,3.6,28.5,23.6,,,,,,,,,,,,,
235,2010-07-19,27.3,24.5,2316,30.5,1049,,,,,,,9.3,200,1037,6.2,200,1050,3.4,2965,22.9,64,1050,77.5,27.9,1011.9,1015,2329,1013,201,1013.9,14.3,9.1,,,,,,,,,4.3,3.5,31.4,22.8,,,,,,,,,,,,,
235,2010-07-20,29.5,24.9,22,32.8,1433,,,,,,,9.8,200,914,6.3,200,1426,3,2573,21.8,53,1501,64,26.2,1011.2,1014.7,0,1011.9,1752,1013.2,14.3,9.7,,,,,,,,,2.4,2.4,33.4,23.4,,,,,,,,,,,,,
235,2010-07-21,27.8,25.4,2238,30.2,1107,.17,0,,0,,0,12.6,200,715,7.3,200,1015,4.3,3726,22.6,59,3,74.1,27.5,1010.8,1014.7,2225,1011.6,343,1012.8,14.3,2.5,,,,,,,,,6,5.4,30.1,24.2,,,,,,,,,,,,,
235,2010-07-22,27.3,25.8,2215,30.1,1151,,,,,,,9.5,230,1126,6.5,230,1201,4.5,3903,23.8,70,1152,81.9,29.5,1011.5,1014.6,851,1012.1,1808,1013.5,14.3,6.7,,,,,,,,,4.6,4.3,32.7,24,,,,,,,,,,,,,
235,2010-07-23,25.1,22.4,1416,26.9,1044,12.5,31.5,2239,98,2212,264,11.5,250,1403,6.8,200,1119,4,3424,23.1,85,1039,89.3,28.3,1011,1015.3,2241,1012.1,417,1013,14.2,0,,,,,,,,,10,7.4,25.1,22.2,,,,,,,,,,,,,
235,2010-07-24,25.1,22,406,29.9,1212,3.92,3.5,619,5.5,615,11,6.8,230,2101,4.4,200,2108,1.4,1186,23,75,1205,88.5,28.2,1012.9,1016.5,2240,1013.6,1739,1014.9,14.2,.9,,,,,,,,,10,6.5,26.5,22,,,,,,,,,,,,,
235,2010-07-25,25.3,23.3,0,30.1,1229,1,.5,315,.5,315,.5,5.9,230,1545,3.7,230,1551,1.4,1201,22.6,59,1441,85.6,27.5,1013.9,1017.3,2241,1015.1,432,1015.9,14.2,5.4,,,,,,,,,7,4.8,29.8,23.4,,,,,,,,,,,,,
235,2010-07-26,26,23.1,527,29.8,1502,.92,0,,0,,0,6,230,1606,4.2,200,1150,1.5,1339,21.9,60,1026,79.5,26.3,1012.9,1016.8,0,1013.7,1732,1015,14.2,7.6,,,,,,,,,5.9,4,29.7,22.9,,,,,,,,,,,,,
235,2010-07-27,26.6,23.1,328,31,1431,.33,.5,1840,.5,,.5,10.6,200,1807,6.3,230,1815,1.6,1402,22.2,55,1648,78.1,26.8,1009.9,1014.3,0,1009.5,2349,1011.9,14.1,9.9,,,,,,,,,5.6,5.3,31.4,22.3,,,,,,,,,,,,,
235,2010-07-28,26.6,23.7,34,31.2,1609,3.08,.5,939,1.5,930,2,9.1,110,1242,4.8,110,1244,2.2,1858,22,60,1610,76.5,26.4,1000.6,1009.5,0,999.8,1735,1002.6,14.1,4.7,,,,,,,,,7.5,6.6,28.8,22.4,,,,,,,,,,,,,
235,2010-07-29,26.5,24.3,2356,29.7,1349,.5,.5,653,.5,635,.5,7.6,180,16,5.2,200,20,1.2,1077,22.9,70,1041,81.1,28,998.8,1003.2,2330,999.4,238,1000.8,14.1,3.5,,,,,,,,,7,6.4,30.5,24,,,,,,,,,,,,,
235,2010-07-30,26.5,24,29,29,1225,,,,,,,6.4,230,1300,4.6,230,1308,1.7,1436,23.8,71,1335,85.4,29.4,1002.8,1007,2356,1002.6,254,1004.8,14.1,6.3,,,,,,,,,6.5,4.4,32.2,23.9,,,,,,,,,,,,,
235,2010-07-31,27,24,109,29.3,1402,,,,,,,9.6,230,1408,6.4,230,1341,3.5,3036,24.3,78,1145,85.4,30.3,1004.3,1007.2,2328,1005.2,1647,1006.3,14,2.4,,,,,,,,,7.5,5.1,30,23.8,,,,,,,,,,,,,
235,2010-08-01,27.6,26.4,2141,30,1406,,,,,,,8.6,200,952,6.3,200,954,3.5,3057,24.8,74,1309,84.9,31.3,1005.5,1008.7,1051,1006.1,1621,1007.5,14,6.8,,,,,,,,,6.5,6.3,33.1,25.7,,,,,,,,,,,,,
235,2010-08-02,26.3,23.4,2322,29.8,1506,2.62,.1,,.2,,.4,6.1,230,956,4.2,230,241,1.8,1566,23.4,55,1517,85,29,1004.7,1007.9,0,1005.2,1715,1006.7,14,3.1,,,,,,,,,7.9,5.8,29.8,23.4,,,,,,,,,,,,,3.42
235,2010-08-03,26.9,22.4,532,31.8,1515,,,,,,,3.2,200,958,1.9,200,1000,.7,618,20.8,34,1339,71.8,24.6,1004,1007.1,1029,1004.6,1745,1006,13.9,7.8,,,,,,,,,3.3,3.3,33.2,21.8,,,,,,,,,,,,,
235,2010-08-04,28.6,25.1,205,32.8,1239,1,1,148,1,135,1,6.7,200,1218,4.5,200,1221,1.5,1308,25.1,62,1307,82.3,31.9,1006.2,1010.4,2256,1006.6,204,1008.2,13.9,5.9,,,,,,,,,5.4,5.4,34.3,25.5,,,,,,,,,,,,,
235,2010-08-05,29.4,26.3,202,34,1233,.67,.2,,.3,,.3,9.4,200,1103,6.2,230,1253,1.9,1669,24.8,56,1124,77.1,31.3,1009.7,1014.2,2256,1009.9,47,1011.7,13.9,8.8,,,,,,,,,3.5,3.5,34.7,24.9,,,,,,,,,,,,,
235,2010-08-06,28.8,26.4,2349,31.5,1218,.25,.1,,.1,,.1,9.3,230,936,6.2,200,940,3.3,2838,25.2,70,1329,81.6,32.1,1013.3,1016.4,1021,1013.5,209,1015.3,13.9,6.9,,,,,,,,,6,6,35.4,25.7,,,,,,,,,,,,,
235,2010-08-07,27.5,25.2,2302,30.6,1251,.83,1,106,1,,1.5,7.2,160,249,4.6,180,255,1.8,1542,24.5,70,1253,84.5,30.7,1012.1,1016.3,12,1012.9,1845,1014.1,13.8,2.9,,,,,,,,,8.1,3.8,31.6,24.9,,,,,,,,,,,,,
235,2010-08-08,27.9,24.3,324,31.9,1404,,,,,,,5.6,250,1230,3.3,200,1233,1.3,1157,21.2,39,1140,69.4,25.3,1008.8,1013.2,0,1009.4,1741,1010.8,13.8,11.7,,,,,,,,,3.1,2.4,35.9,23.8,,,,,,,,,,,,,
235,2010-08-09,29.4,24,557,34.4,1359,,,,,,,4.5,50,2013,2.9,50,2013,1.3,1126,21.5,43,1428,65,25.8,1006.4,1009.6,0,1007,1856,1008.4,13.8,11.9,,,,,,,,,2.3,1.8,37.7,23.3,,,,,,,,,,,,,
235,2010-08-10,27.7,26,1808,33.3,1148,8.5,3,457,5.5,450,14.5,6.7,70,2245,4.1,20,2400,2,1706,24.2,54,1149,82.4,30.2,1004.7,1009.1,14,1002.8,2339,1006.7,13.7,1.7,,,,,,,,,8.9,6,29,25.2,,,,,,,,,,,,,
235,2010-08-11,27.3,23.4,2353,32.2,1334,,,,,,,10.8,20,630,6.6,20,630,3.2,2777,23.3,61,1334,79.5,28.6,999.2,1005.3,2354,998.3,851,1001.2,13.7,5.6,,,,,,,,,6.8,4.4,29.9,23.1,,,,,,,,,,,,,
235,2010-08-12,26.5,22.5,242,29.8,1211,4.17,6,2035,10.5,2020,12.5,6.8,230,929,4.7,230,1057,2,1770,23.6,67,1229,84.8,29.2,1002.9,1007.1,931,1002.4,2311,1004.9,13.7,1.7,,,,,,,,,8.5,5.3,30.2,22.1,,,,,,,,,,,,,
235,2010-08-13,26.8,25.2,423,28.4,1247,5.75,9.5,305,24,259,46,16.9,200,312,10.7,200,320,4.5,3869,25,83,1137,90.5,31.7,1000.9,1004.8,2233,1000.5,246,1002.9,13.6,0,,,,,,,,,10,7.4,27.2,24.9,,,,,,,,,,,,,
235,2010-08-14,27.6,24.9,1104,30.1,1539,7.5,10.5,1053,23.5,1037,39,12,200,2134,7.4,200,2337,4.1,3531,25.7,79,1541,89.5,33,1002.4,1006.8,1058,1003.5,642,1004.4,13.6,.6,,,,,,,,,9.8,7,28.6,24.9,,,,,,,,,,,,,4.75
235,2010-08-15,26.7,23.9,621,29.2,1514,7,18,516,44,443,78.5,13.5,200,109,8.8,200,159,3.3,2872,24.6,69,1707,88.4,30.9,1004.2,1008.8,2350,1002.8,403,1006.2,13.6,3.1,,,,,,,,,7.9,6.4,28.9,23.4,,,,,,,,,,,,,
235,2010-08-16,24.2,22.4,1029,26,906,7.92,3.5,940,5.5,920,9.5,4.9,50,1101,2.6,20,1106,1,826,22.6,85,1635,91.3,27.5,1007.6,1011.4,1133,1007.7,114,1009.6,13.5,0,,,,,,,,,9.9,6,26.4,22.8,,,,,,,,,,,,,
235,2010-08-17,26.2,21.8,604,30.9,1320,1.53,2,2215,2,2215,3,5.8,200,2102,3.5,230,1419,1.1,937,22.6,56,1151,81.6,27.4,1009.2,1013.3,2320,1009,234,1011.2,13.5,8.7,,,,,,,,,6.9,4.5,29.4,21.6,,,,,,,,,,,,,
235,2010-08-18,27.6,25.3,4,30.9,1048,2.17,6,339,15,249,15.5,8.7,200,320,5.4,230,1316,2.5,2127,24.8,73,1050,85.4,31.3,1013.1,1017.4,2351,1012.5,202,1015.1,13.5,7,,,,,,,,,5.8,5,30.9,25.1,,,,,,,,,,,,,
235,2010-08-19,28.7,24.9,420,32.7,1136,,,,,,,5.9,200,1143,3.9,230,1248,1.3,1108,23.8,55,1147,76,29.4,1016.7,1019.6,959,1017.3,0,1018.8,13.4,11.2,,,,,,,,,2.6,2.6,32.1,24.6,,,,,,,,,,,,,
235,2010-08-20,28,25,524,31.7,1404,,,,,,,5.5,250,1307,3.3,200,1132,1.1,980,24.2,63,1413,80.8,30.2,1016.3,1020,121,1017.1,1744,1018.4,13.4,10.2,,,,,,,,,.5,.5,33.5,25.2,,,,,,,,,,,,,
235,2010-08-21,28.1,24.5,504,32.4,1528,,,,,,,4.7,200,1327,3.1,230,1300,1.1,930,23.3,54,1204,76.8,28.6,1014.4,1017.8,741,1015.1,1803,1016.4,13.4,11.2,,,,,,,,,1.1,1.1,34.1,24.6,,,,,,,,,,,,,
235,2010-08-22,28.5,25,538,32.1,1427,,,,,,,6.9,230,1128,4.8,230,1130,2.1,1817,24.1,60,1423,78.3,30.1,1012.1,1015.4,1,1013,1543,1014.2,13.3,9.6,,,,,,,,,2.6,1.8,33.5,24.7,,,,,,,,,,,,,
235,2010-08-23,27,25,1343,29.4,1047,5,4.5,1342,7.5,1314,14,9.9,230,1058,7,230,1102,3.3,2870,24.9,80,1049,89.1,31.6,1011,1013.9,1105,1011.7,1721,1013,13.3,.1,,,,,,,,,8.5,7.1,27.3,25.2,,,,,,,,,,,,,
235,2010-08-24,26.1,24.3,653,28.9,1657,7.2,7.5,232,13.5,220,28,8.1,200,213,4.4,230,203,1.2,1034,24.2,72,1652,89.6,30.3,1011.1,1014.2,649,1012,1937,1013.2,13.3,.6,,,,,,,,,8.8,5.3,28.9,24.4,,,,,,,,,,,,,
235,2010-08-25,27,24.7,2,29,1215,2.17,.1,,.2,,.5,5.8,180,2353,3.1,230,1318,1.3,1150,24,74,756,83.6,29.8,1010.1,1013.5,0,1010.8,1821,1012.1,13.2,0,,,,,,,,,9.5,5.5,27.6,24.7,,,,,,,,,,,,,
235,2010-08-26,27.7,25.1,302,29.8,1531,.92,0,,0,,0,8.5,180,1203,5.6,200,1407,2.2,1868,23.4,67,1533,78,28.8,1010.5,1013.5,2128,1011.4,554,1012.5,13.2,3.2,,,,,,,,,7.6,4.6,28.1,25.1,,,,,,,,,,,,,
235,2010-08-27,28.5,26,2032,31.7,1221,.17,0,,0,,0,8.1,230,1523,4.9,200,1542,2,1760,22.5,58,1145,70.3,27.2,1011.2,1014.7,1042,1012.5,434,1013.2,13.1,5.6,,,,,,,,,7,3.1,29.5,24.2,,,,,,,,,,,,,
235,2010-08-28,27.2,24.5,745,30.9,1228,4.08,6,1428,9.5,1420,17.5,14.2,200,1612,8.2,200,2126,3.1,2684,23.1,59,1238,79,28.3,1007.5,1012.9,16,1006.7,1336,1009.5,13.1,2.3,,,,,,,,,9,6.5,26.6,24.2,,,,,,,,,,,,,
235,2010-08-29,25.7,23.1,1115,27.8,1518,11.5,12.5,1105,37.5,1031,82,9.9,200,204,5.4,200,1525,2.2,1934,23.8,80,1519,89.9,29.6,1007.6,1010.9,0,1008.8,944,1009.6,13.1,.5,,,,,,,,,9.4,6.6,27.8,23.1,,,,,,,,,,,,,
235,2010-08-30,26,24.2,631,29.7,1239,.97,.3,445,.3,445,.4,5,180,1137,3.1,200,1138,.8,732,23.4,66,1246,86.3,28.8,1008.3,1011,2225,1009.6,1359,1010.3,13,1.9,,,,,,,,,9.4,5.3,28.8,23.9,,,,,,,,,,,,,
235,2010-08-31,25,24,1015,28.6,1509,10.03,8,1751,15.5,842,38.5,6.4,140,1802,3.9,180,1806,1.1,946,23.4,77,1538,91,28.7,1010,1013.9,2157,1010.3,403,1012,13,1.1,,,,,,,,,9.6,6.3,28.2,24,,,,,,,,,,,,,
235,2010-09-01,28,23.4,443,33.6,1303,5,1.5,2315,4,2230,12,9.8,140,2358,5.2,90,2400,2.1,1784,22.7,48,1259,74.9,27.6,1009.6,1013.7,0,1006.7,2357,1011.6,13,7.3,,,,,,,,,7,4.3,29.6,23.2,,,,,,,,,,,,,
235,2010-09-02,25.4,24,2228,27.5,147,9.92,2.5,4,6,228,18,29.9,230,350,20.2,250,358,5.4,4667,23.5,76,147,89.5,28.9,1009.8,1016.7,2244,999.3,305,1011.8,12.9,.8,,,,,,,,,8.5,6.5,26.7,23.8,,,,,,,,,,,,,
235,2010-09-03,26.6,24,415,29.9,1332,1.5,6.5,603,11,555,11,9.3,250,1047,5.8,250,1045,2.2,1873,24,75,1215,86.1,29.8,1012.4,1016.3,0,1013.3,1512,1014.4,12.9,6.8,,,,,,,,,5.6,4.5,29.4,24,,,,,,,,,,,,,
235,2010-09-04,27.5,23.7,635,30.8,1457,,,,,,,5.4,230,401,3.4,270,1009,1.3,1162,22.6,59,1300,76,27.5,1012,1015.2,954,1012.9,430,1014,12.9,10.9,,,,,,,,,3.3,3.3,30.5,23.3,,,,,,,,,,,,,
235,2010-09-05,27.1,23.4,1833,32.4,1456,2.75,13,1818,32,1808,33.5,9.2,230,1813,4.9,200,1814,1.6,1361,23.3,56,1432,81,28.6,1010.3,1014.5,14,1010.2,1612,1012.4,12.8,6.7,,,,,,,,,6,3.6,30.6,23.3,,,,,,,,,,,,,
235,2010-09-06,25.5,23.4,224,28,1254,3.42,1,330,2,330,2.5,8,90,1503,4.8,90,1342,2.7,2368,22.4,71,1341,83.6,27.1,1005.9,1011.9,0,1005.6,1827,1007.9,12.8,.2,,,,,,,,,8.8,5.5,26.3,23.6,,,,,,,,,,,,,
235,2010-09-07,25.8,23.4,2345,29.5,1406,,,,,,,8.6,90,904,5.1,90,844,2.9,2471,21,52,1549,76.3,25,1005.1,1010.9,2358,1004.2,353,1007.1,12.8,4.6,,,,,,,,,7.5,5.6,28.2,23.1,,,,,,,,,,,,,
235,2010-09-08,23.2,21.4,641,25.4,1035,5.33,.1,,.3,505,.5,4.2,200,508,2.4,200,512,1.1,931,20.6,65,434,85.6,24.2,1011.9,1015.5,2358,1010.7,32,1014,12.7,0,,,,,,,,,10,6,25.1,22.6,,,,,,,,,,,,,
235,2010-09-09,24.7,21.8,610,27,1713,5.83,1.5,46,3.5,12,4.5,8.6,250,2312,5.7,250,2243,2.5,2131,21.9,73,1247,84.9,26.3,1011,1015.7,52,1011,1714,1013,12.7,.1,,,,,,,,,9.5,6.9,25.4,22.3,,,,,,,,,,,,,
235,2010-09-10,25.9,23.8,2345,29.1,1320,6.92,1.5,2114,5.5,2327,13,10.3,270,1226,7.8,270,1142,5.1,4412,23.7,78,1326,88.3,29.3,1008.2,1012,0,1009.1,1514,1010.2,12.6,2,,,,,,,,,9.5,7.5,27.2,23.8,,,,,,,,,,,,,
235,2010-09-11,25.2,23.6,128,26.4,1208,12.08,5,434,16,644,49.5,14.1,250,951,9.9,270,956,3.5,3000,23.5,84,600,90.5,28.9,1005.9,1009.9,0,1004.7,540,1007.9,12.6,0,,,,,,,,,10,6.8,25.5,23.8,,,,,,,,,,,,,
235,2010-09-12,23.7,22,2030,27.2,1223,7.5,7.5,549,19.5,514,58,8.3,70,556,4.8,70,602,1.6,1388,21.1,65,1614,86.4,25.1,1006.7,1011.1,2303,1005.4,531,1008.8,12.6,6.2,,,,,,,,,6.9,5.5,26.6,20.3,,,,,,,,,,,,,
235,2010-09-13,23.4,20.5,236,28,1143,,,,,,,5.8,270,1311,3.7,270,1315,.4,381,20.3,57,1118,83.5,23.8,1010.3,1013.6,2249,1011.1,0,1012.3,12.5,8.2,,,,,,,,,2.4,2.4,26.4,19.4,,,,,,,,,,,,,
235,2010-09-14,23.6,20.8,610,27.9,1238,,,,,,,5.1,270,1446,3.4,270,1452,1.1,919,21.1,62,1233,86.4,25.1,1012.9,1016.1,955,1013.6,0,1015,12.5,3.7,,,,,,,,,5.1,4.4,26,19.7,,,,,,,,,,,,,
235,2010-09-15,24.3,20.1,2346,29.9,1345,,,,,,,5.4,70,1416,3,90,1704,1.4,1220,17.7,33,1234,70.4,20.4,1011.5,1015.4,19,1011.7,1554,1013.5,12.4,10.1,,,,,,,,,.1,.1,27,18.6,,,,,,,,,,,,,
235,2010-09-16,23.5,18.7,607,28.9,1542,,,,,,,6,270,1226,4,270,1233,1.3,1137,18.2,47,1648,73.6,21,1010.7,1014.1,938,1011.6,1616,1012.8,12.4,10.4,,,,,,,,,.4,.4,26.5,17.2,,,,,,,,,,,,,
235,2010-09-17,23.2,16.9,432,29.1,1309,,,,,,,4.2,360,1424,2.3,270,1108,1,897,16.4,37,1214,68.3,18.8,1011,1014.4,953,1012.1,1609,1013,12.4,10.4,,,,,,,,,.9,.9,26.4,15.9,,,,,,,,,,,,,
235,2010-09-18,23.2,18.9,614,28.9,1239,,,,,,,5.3,270,1411,3.6,270,1352,1.3,1084,17.8,49,1104,73.8,20.5,1010.7,1014.3,721,1011.1,1644,1012.7,12.3,10.3,,,,,,,,,.4,.4,26.8,17.1,,,,,,,,,,,,,
235,2010-09-19,23.2,18.9,447,26.2,1031,.25,.1,,.1,,.1,5.8,250,1325,3.8,270,1059,1.5,1333,20.2,67,1133,83.9,23.8,1010.1,1013.2,1043,1011.5,423,1012.2,12.3,.3,,,,,,,,,7.9,4.3,24.4,18,,,,,,,,,,,,,
235,2010-09-20,24.1,21.5,2302,27,1311,2.58,3.5,805,6.5,750,7,7.2,270,621,4.5,270,420,1.6,1383,22,71,1553,88.3,26.4,1010.8,1014.5,2222,1010.8,403,1012.8,12.3,.8,,,,,,,,,7.9,5.3,25.7,21,,,,,,,,,,,,,
235,2010-09-21,25.9,22.2,2352,28.6,1150,1.25,.2,,.2,,.5,12.1,270,1202,7.6,270,1829,4.6,3976,24.1,84,1152,90.1,30.1,1009.4,1014.4,17,1009.1,1745,1011.4,12.2,.3,,,,,,,,,9.6,7.3,26.7,22.8,,,,,,,,,,,,,
235,2010-09-22,19.2,16.7,2336,22.2,0,3.33,.5,201,1.5,144,2,6.3,50,636,3.8,70,1124,2.1,1795,16.4,69,1601,84,18.6,1010.9,1014.7,2356,1011.2,246,1013,12.2,0,,,,,,,,,8.9,6.4,21.7,16.1,,,,,,,,,,,,,
235,2010-09-23,17.7,13.3,606,22.6,1500,,,,,,,7.5,70,1256,4.5,70,9,2.3,1977,11.3,34,1308,69.6,13.5,1014.1,1017.7,2204,1014.7,0,1016.2,12.1,9.8,,,,,,,,,.4,.4,21.6,11.2,,,,,,,,,,,,,
235,2010-09-24,18.3,12.7,514,24,1342,,,,,,,5.6,340,1514,2.4,290,1327,1.3,1125,11.4,40,1525,66.5,13.5,1015.3,1018.8,837,1015.8,1543,1017.4,12.1,8.5,,,,,,,,,1.5,1.3,21.2,11.9,,,,,,,,,,,,,
235,2010-09-25,19,13.1,618,25.2,1515,,,,,,,5.8,110,1320,3.5,90,1341,1.4,1192,10.3,32,1420,60.8,12.6,1015.8,1019.2,915,1016.4,1517,1017.9,12.1,8.7,,,,,,,,,4.6,2.9,21.7,10.3,,,,,,,,,,,,,
235,2010-09-26,19,16.4,40,24.1,1343,,,,,,,5.4,270,1529,3.3,270,1530,1.4,1222,12.4,45,1221,67.3,14.5,1016.9,1020.2,1013,1018.1,1543,1019,12,3.7,,,,,,,,,6.3,4.3,20.9,12.9,,,,,,,,,,,,,
235,2010-09-27,18.8,15,625,24.7,1318,,,,,,,7.5,270,1318,3.1,270,1322,1.2,1012,14,43,1156,76,16,1013.6,1018.7,0,1013.8,1626,1015.7,12,6.8,,,,,,,,,4.1,1.1,21.2,12.3,,,,,,,,,,,,,
235,2010-09-28,16.9,11.7,2309,20.8,1329,1.5,.5,343,1,340,1,9.3,270,1222,5.7,290,1222,2.3,1982,8.1,28,1147,59.9,11.3,1016.4,1021.7,2325,1014,324,1018.5,12,10.3,,,,,,,,,3.5,1.5,20.7,10.5,,,,,,,,,,,,,
235,2010-09-29,14.2,10.4,630,19.3,1242,,,,,,,4.6,230,1510,2.5,290,1105,1,893,7.7,35,1026,67.3,10.5,1019,1022.8,757,1019.3,1533,1021.2,11.9,2.4,,,,,,,,,5.9,3.1,17.6,9.4,,,,,,,,,,,,,
235,2010-09-30,14.7,8.9,625,21.6,1443,,,,,,,6.3,320,1013,3.7,290,1044,1.7,1468,7.5,42,1100,64.8,10.3,1018.7,1022.5,2200,1019.3,1537,1020.9,11.9,10.4,,,,,,,,,.3,0,18.6,8.2,,,,,,,,,,,,,
235,2010-10-01,16.5,10.8,620,23.3,1352,,,,,,,5.8,320,1032,3.4,320,1038,1.6,1381,9.2,32,1322,65.1,11.7,1019.1,1023.2,845,1019.8,1752,1021.3,11.8,4.6,,,,,,,,,5.1,1.3,18.9,9.8,,,,,,,,,,,,,
235,2010-10-02,18.4,13.7,118,21.3,1249,10.83,1,1554,2.5,1531,9.5,10.8,110,2313,6.5,110,2400,1.8,1567,14.6,61,1029,79.8,16.9,1013.3,1020.6,118,1009,2346,1015.4,11.8,.6,,,,,,,,,8.8,5.8,17.5,11.3,,,,,,,,,,,,,
235,2010-10-03,19.2,15.1,2400,23.5,1347,4.08,2.5,2117,3,2110,4,11,110,9,7.2,110,9,2,1744,15.4,47,1311,79.6,17.6,1008.7,1012,2126,1008.3,131,1010.8,11.8,4.3,,,,,,,,,8,6,22,14.1,,,,,,,,,,,,,
235,2010-10-04,16.1,14,334,18.1,1231,3.38,1.5,225,2,132,5,9.5,160,847,3.2,160,31,1.5,1294,11.9,62,32,77,13.9,1009,1012.5,2152,1009.2,352,1011.1,11.7,0,,,,,,,,,9.1,8,16.9,13.5,,,,,,,,,,,,,
235,2010-10-05,15.9,12.4,2342,20.6,1406,.75,.1,,.1,,.2,5.1,290,1143,3,290,911,1,906,11.1,46,1444,74.9,13.2,1013.2,1018.2,2318,1012.2,17,1015.3,11.7,8.4,,,,,,,,,4.3,3.1,20.2,11.7,,,,,,,,,,,,,
235,2010-10-06,15.9,10.6,616,21.4,1340,,,,,,,5.3,160,1329,3,140,1319,1.2,1019,11.6,48,1416,77.8,13.7,1017.3,1020.8,2321,1018.2,0,1019.5,11.6,10.3,,,,,,,,,.4,.4,18.7,9.8,,,,,,,,,,,,,
235,2010-10-07,18,13.1,244,24.2,1208,,,,,,,4.2,180,1425,2.6,320,559,1.3,1128,12.7,46,1051,73.6,14.8,1018.2,1021.4,845,1019.2,1515,1020.3,11.6,9.8,,,,,,,,,3.1,.5,19.8,11.6,,,,,,,,,,,,,
235,2010-10-08,18.7,15.1,238,23.8,1407,.42,.3,2127,.3,,.3,4.2,160,1512,2.3,320,833,.9,790,14.2,49,1145,76.6,16.2,1014.9,1020,0,1014.2,2357,1017,11.6,1.1,,,,,,,,,9.3,4.9,19.8,14.4,,,,,,,,,,,,,
235,2010-10-09,18.8,14.9,2357,23.7,1047,,,,,,,5.2,200,1431,3.4,140,1155,.9,799,15.4,56,1036,81.6,17.5,1010.2,1014.2,0,1010.3,1649,1012.3,11.5,7.8,,,,,,,,,2.4,1.3,21.7,12.9,,,,,,,,,,,,,
235,2010-10-10,18,13.9,340,24.4,1343,,,,,,,6.1,180,1548,2.2,290,944,.9,748,14.5,50,1232,81.9,16.6,1012.9,1016.4,2157,1013.1,24,1015,11.5,8.9,,,,,,,,,1.5,1,20,12.3,,,,,,,,,,,,,
235,2010-10-11,17.3,13,355,23,1219,,,,,,,4.4,320,231,3,140,1657,1.2,1055,14.6,62,1219,84.9,16.6,1013.9,1017,2341,1015.1,1341,1016,11.5,.7,,,,,,,,,7.6,5.1,18.1,11.9,,,,,,,,,,,,,
235,2010-10-12,15.5,12.3,2102,19.5,1343,,,,,,,5.4,160,1441,2.1,230,1441,.8,664,13.1,69,1347,86.3,15.1,1015.2,1018.3,2134,1016.3,0,1017.3,11.4,.1,,,,,,,,,6.1,5.3,17.2,10.6,,,,,,,,,,,,,
235,2010-10-13,14.9,11.9,2335,20.1,1325,,,,,,,5.3,110,1536,3.4,140,1344,1.1,971,10.6,50,1331,77,12.8,1013.3,1017.8,57,1013.7,1424,1015.4,11.4,4.4,,,,,,,,,5.4,4.3,18,10.5,,,,,,,,,,,,,
235,2010-10-14,15.6,9.8,645,21.1,1155,,,,,,,6.5,290,1101,3.4,290,1116,1.1,977,10.1,46,1243,72.1,12.4,1013,1016.3,932,1013.5,1407,1015.1,11.4,5,,,,,,,,,4.6,2,16.5,9.1,,,,,,,,,,,,,
235,2010-10-15,14.5,8.6,700,19.3,1213,,,,,,,6.2,250,1116,3.7,290,950,1.2,1032,4.7,29,1317,54.8,8.7,1015.6,1018.7,1015,1015.6,108,1017.7,11.3,9.3,,,,,,,,,1.5,1.3,16.4,6.4,,,,,,,,,,,,,
235,2010-10-16,17.1,13.8,2351,21,1400,.5,.2,,.2,,.2,9,140,1151,6.4,140,1154,2.6,2269,11.9,51,17,72.9,14,1017.6,1022.1,2344,1017.9,36,1019.7,11.3,5.4,,,,,,,,,3.4,3.4,16.9,7.7,,,,,,,,,,,,,
235,2010-10-17,15.9,11.4,2348,22.4,1345,,,,,,,4.3,180,1512,2.8,320,637,1.1,957,11.7,52,1349,77.4,13.9,1021.4,1025.7,2216,1021.8,56,1023.6,11.2,7.7,,,,,,,,,.3,.3,17.5,7,,,,,,,,,,,,,
235,2010-10-18,15,10.1,706,20.9,1314,,,,,,,5,270,1405,3.2,290,1419,1.7,1449,5.6,29,1244,56.4,9.1,1023.3,1027.1,853,1024.1,1416,1025.5,11.2,9.5,,,,,,,,,0,0,16.2,6,,,,,,,,,,,,,
235,2010-10-19,15.9,9.9,630,23.3,1318,,,,,,,5.2,340,738,2.9,320,752,1.4,1200,9.3,30,1329,67.4,11.8,1021.7,1025,808,1022.7,1428,1023.9,11.2,8.9,,,,,,,,,1.8,1,16.9,7.1,,,,,,,,,,,,,
235,2010-10-20,14.8,10.8,513,20.9,1310,,,,,,,4.8,270,1419,2.3,340,349,1,901,11.3,63,955,80.3,13.5,1019.8,1023.6,843,1020.6,1538,1021.9,11.1,6.2,,,,,,,,,3,1.9,16.3,5.4,,,,,,,,,,,,,
235,2010-10-21,15.3,9.4,654,20.6,1505,,,,,,,6.2,290,1352,3.9,290,1411,1.6,1373,11.3,56,1324,78.8,13.5,1017.7,1021.4,5,1018.2,1428,1019.8,11.1,8.9,,,,,,,,,1.8,.4,16.6,5.1,,,,,,,,,,,,,
235,2010-10-22,16.8,12.6,2359,23.9,1303,,,,,,,5.5,320,1054,3.2,320,1103,1.2,998,10.6,36,1306,68.8,12.8,1019.4,1022.9,854,1020,5,1021.5,11.1,8.4,,,,,,,,,1.1,1.1,17.7,6.7,,,,,,,,,,,,,
235,2010-10-23,15.8,10.3,453,21.1,1445,,,,,,,4.3,290,1243,2.6,340,1018,.9,771,9.6,43,1446,68.3,12,1017.5,1022,5,1017.3,2348,1019.6,11,3.4,,,,,,,,,6.8,2.5,16.2,4.8,,,,,,,,,,,,,
235,2010-10-24,16.9,12.8,2352,21.6,1626,2.42,0,,0,,0,4.2,320,1146,2.7,290,1204,1,847,12.9,55,1535,78.3,14.9,1011.7,1017.4,0,1011.5,1718,1013.8,11,.6,,,,,,,,,6.5,4.3,17.4,8,,,,,,,,,,,,,
235,2010-10-25,12.4,7.6,2351,15.2,526,,,,,,,11.2,290,2337,5.6,270,2345,2.7,2310,2.8,29,2327,55,8.3,1015.7,1024.4,2353,1013,21,1017.9,11,5.9,,,,,,,,,3.4,2.4,14.2,5.3,,,,,,,,,,,,,
235,2010-10-26,5.5,.4,2331,9.1,1433,,,,,,,11.7,230,28,7.2,290,223,3.7,3234,-8.4,21,1255,37.9,3.3,1026.9,1031.5,2250,1024.4,0,1029.1,10.9,9.2,,,,,,,,,.8,.6,8.4,-4.4,,,,,,,,,,,,,
235,2010-10-27,6.8,0,49,12.1,1241,,,,,,,5.7,20,901,3.2,320,920,1.3,1156,-4.8,27,1138,44.8,4.4,1026.8,1031.7,216,1026.6,2358,1029,10.9,3.4,,,,,,,,,4,1.5,7.8,-5.3,,,,,,,,,,,,,
235,2010-10-28,7.4,1.2,701,13.7,1345,,,,,,,8.2,250,1405,4.7,290,1325,1.9,1673,-2.3,31,1035,52.3,5.2,1023.5,1027.1,807,1023.8,1536,1025.7,10.8,9.2,,,,,,,,,.3,.3,8.8,-4.8,,,,,,,,,,,,,
235,2010-10-29,10.4,2.3,236,17.8,1439,,,,,,,7.1,320,1418,4.3,320,1521,2.2,1895,-1.1,27,1136,47.9,5.7,1024.1,1027.8,920,1024.3,1507,1026.3,10.8,9.2,,,,,,,,,.3,0,10.2,-3.7,,,,,,,,,,,,,
235,2010-10-30,12.6,8.2,220,19,1447,,,,,,,6.4,320,1339,4,320,1435,2,1756,1.9,30,1448,49.5,7.1,1024.1,1027.9,846,1024.5,1511,1026.2,10.8,8.1,,,,,,,,,2.9,.4,12,1.8,,,,,,,,,,,,,
235,2010-10-31,12,8,613,18.7,1252,,,,,,,6.2,290,1217,3.7,290,1159,1.6,1424,3.8,30,1154,59.9,8.1,1021.2,1026.1,3,1021.9,1410,1023.4,10.7,7.7,,,,,,,,,1.6,1.6,13.2,2.3,,,,,,,,,,,,,
235,2010-11-01,12.2,5.7,605,17.7,1306,,,,,,,7.6,250,1313,3.1,290,1052,1.3,1104,5.8,35,1329,66.9,9.3,1018.8,1022.6,917,1019.7,1428,1020.9,10.7,9.1,,,,,,,,,.6,.6,12.6,.1,,,,,,,,,,,,,
235,2010-11-02,8,3.5,2336,12.6,11,,,,,,,8,270,341,3.9,290,703,2,1750,-2.7,29,1546,47.9,5.1,1021.4,1025.8,2242,1020.4,2,1023.6,10.7,8.5,,,,,,,,,1.1,.3,9.6,-2.6,,,,,,,,,,,,,
235,2010-11-03,8.2,2.5,703,14,1432,,,,,,,4.8,160,1426,3.3,140,1439,1.2,1054,1.6,41,1214,64.6,6.9,1024.1,1027.6,922,1025.4,1627,1026.3,10.6,8.3,,,,,,,,,2.3,2.3,10.4,-2.5,,,,,,,,,,,,,
235,2010-11-04,10.4,4.6,151,16.1,1311,,,,,,,7.3,140,1251,5.3,140,1254,1.5,1321,7.2,61,1140,81.8,10.2,1022.7,1026.1,915,1023.8,1724,1024.9,10.6,8.4,,,,,,,,,.3,.3,10.7,-.7,,,,,,,,,,,,,
235,2010-11-05,11.3,6.8,629,17.2,1232,,,,,,,6.7,140,1244,4.5,140,1232,1.3,1087,8.9,58,1233,86.8,11.5,1021.8,1025.3,926,1022.9,1645,1024,10.6,7.8,,,,,,,,,2.8,2.8,11.7,1.4,,,,,,,,,,,,,3.67
235,2010-11-06,11.5,5.8,328,16.4,1402,,,,,,,4.7,140,1310,3.1,140,1146,1,842,9.4,65,1403,87.4,11.8,1020.5,1024.2,23,1021.6,1636,1022.7,10.5,2.1,,,,,,,,,6.5,3.8,12.3,2.2,,,,,,,,,,,,,11.75
235,2010-11-07,12.4,8.4,540,16.4,1337,,,,,,,11,110,2343,7.1,110,2320,2.2,1898,8.4,54,1338,78,11,1015.3,1021.7,102,1012.3,2400,1017.4,10.5,6.8,,,,,,,,,7.3,5,12.7,3.4,,,,,,,,,,,,,7.08
235,2010-11-08,9.8,4.2,2329,15.3,9,1.92,,,,,3,11.4,140,10,8,140,15,2.2,1910,3,40,2145,63.4,7.8,1014,1018.3,2329,1012.2,14,1016.2,10.5,3.4,,,,,,,,,7,7,10.4,1.9,,,,,,,,,,,,,
235,2010-11-09,7.8,4.4,159,11.6,1238,7.83,,,,,1,10.8,270,438,3.5,290,123,2,1734,-2.1,34,1009,50,5.2,1017.4,1021,2329,1017.8,34,1019.6,10.5,5,,,,,,,,,7.8,7.4,8.6,.6,,,,,,,,,,,,,
235,2010-11-10,6.3,1.6,643,12.6,1412,,,,,,,5,340,918,3,320,920,1.2,1024,.1,42,1228,65.9,6.2,1019.3,1022.9,952,1020.6,1556,1021.5,10.4,8.6,,,,,,,,,.5,.5,7.4,-2.2,,,,,,,,,,,,,
235,2010-11-11,12.6,5.2,5,17.6,1233,.72,,,,,.5,14.4,110,1647,9.3,140,1650,3.3,2894,4.8,39,1923,59.8,9,1013.4,1021.1,0,1010.4,1555,1015.6,10.4,4.1,,,,,,,,,4.6,3.3,9.4,-.4,,,,,,,,,,,,,
235,2010-11-12,10.9,5.6,2252,15.3,1143,,,,,,,9.5,160,231,4.2,160,325,1.8,1543,.3,33,1031,50.1,6.3,1020.2,1026,2349,1016.5,0,1022.4,10.4,8.3,,,,,,,,,.5,.5,10.5,.6,,,,,,,,,,,,,
235,2010-11-13,11.1,4.4,548,17.5,1234,,,,,,,8.8,160,1445,6.4,160,1452,1.9,1629,3.4,18,1054,62.4,8,1023.7,1026.8,943,1024.1,1449,1025.8,10.3,8.3,,,,,,,,,2.9,1.5,9.6,-2.1,,,,,,,,,,,,,
235,2010-11-14,8.8,6.9,628,12.6,107,,,,,,,10.3,320,1828,6.4,320,1835,3.2,2735,-3.9,23,1418,43.1,4.9,1027.5,1032.2,2236,1026.4,7,1029.7,10.3,5.9,,,,,,,,,7,1.6,9.2,2.6,,,,,,,,,,,,,
235,2010-11-15,3.9,.2,2338,8.6,1408,,,,,,,7.9,340,508,5.2,320,42,2.6,2245,-7.3,27,1144,45.5,3.6,1029,1033.7,843,1029.6,1535,1031.3,10.3,9.1,,,,,,,,,.9,.1,5.6,-4.8,,,,,,,,,,,,,
235,2010-11-16,5.7,-.3,113,10.1,1400,1.42,,,,,.5,5.6,160,1204,3.2,110,2354,1.6,1390,-1.7,39,1245,60.4,5.5,1024.2,1030.2,6,1024.3,1911,1026.4,10.2,5.1,,,,,,,,,5.4,5.1,5.3,-5.8,,,,,,,,,,,,,
235,2010-11-17,7,2.8,550,12.7,1241,.33,,,,,0,4.4,180,1526,2.9,110,1,.9,783,3.2,47,1306,78.6,7.7,1023.6,1026.9,2222,1024.8,0,1025.9,10.2,8.1,,,,,,,,,1.6,1.6,7.6,-2.1,,,,,,,,,,,,,
235,2010-11-18,6.7,2,655,13.3,1316,,,,,,,7,360,226,3.2,320,1303,1.6,1371,-.9,27,1441,62.8,5.8,1023.6,1027.7,906,1024.2,1536,1025.8,10.2,9,,,,,,,,,0,0,6.6,-3.2,,,,,,,,,,,,,
235,2010-11-19,5.8,2.1,401,11.9,1440,,,,,,,5.1,140,1347,2.9,160,1247,1.2,1008,-.3,38,1228,66.3,6,1018.7,1024.3,29,1019,1423,1020.9,10.2,3.2,,,,,,,,,3.1,1.5,5.5,-4.5,,,,,,,,,,,,,
235,2010-11-20,9.6,3.2,56,16.5,1249,,,,,,,5.9,180,1214,4.4,160,1400,1.7,1438,3,40,1308,64.6,7.7,1016.1,1019.7,8,1017,1509,1018.2,10.1,7.7,,,,,,,,,.5,.5,10.1,-2.2,,,,,,,,,,,,,
235,2010-11-21,12.7,6.6,309,16.9,1317,,,,,,,8.4,160,1313,6.2,160,1443,3.1,2653,7.8,59,1126,73,10.6,1012.3,1017.7,0,1011.5,2353,1014.5,10.1,3.6,,,,,,,,,4.9,3.3,10.7,1.2,,,,,,,,,,,,,
235,2010-11-22,8.3,1.4,2350,14.5,0,.92,,,,,.5,9,320,1324,5.7,140,16,2.5,2182,-.7,21,1328,55.4,6.3,1013.9,1020.4,2331,1010.9,314,1016.1,10.1,8.6,,,,,,,,,1.9,1.4,11.6,-4,,,,,,,,,,,,,
235,2010-11-23,4.2,-2.1,544,10.3,1400,,,,,,,5.4,160,1350,3.2,160,1351,1.1,911,-3.5,29,1210,59.9,4.8,1019.7,1023.3,2352,1020.3,44,1022,10.1,6.6,,,,,,,,,4.6,0,3,-6.7,,,,,,,,,,,,,
235,2010-11-24,6.2,2.5,401,11.7,1300,,,,,,,3.8,340,154,2.3,340,201,1.1,952,.7,51,1345,68.8,6.5,1020.2,1023.4,47,1020.9,1434,1022.4,10,1,,,,,,,,,6.1,5.4,4.5,-2.1,,,,,,,,,,,,,
235,2010-11-25,6,2.1,135,9,1243,1.58,,,,,.3,8.4,340,1708,3.7,320,1616,1.8,1572,-2.1,35,1456,58,5.4,1020.4,1023.8,2152,1020.7,353,1022.6,10,5.2,,,,,,,,,5.6,5.6,6.6,-2.1,,,,,,,,,,,,,
235,2010-11-26,2.9,-1.2,2327,7.7,1333,,,,,,,7.9,320,1314,5,320,1315,1.8,1522,-8.8,22,1228,44.5,3.2,1020.3,1025.2,913,1020.3,2316,1022.6,10,8.5,,,,,,,,,1.9,1.8,5.4,-5.9,,,,,,,,,,,,,
235,2010-11-27,6.2,-.6,0,12,1406,1.33,,,,,1.5,15.9,160,1153,8.3,160,1201,3.1,2695,-3,28,502,52.8,5.3,1016.6,1024.5,2356,1014.3,1153,1018.8,10,1.7,,,,,,,,,5.9,5.6,4.9,-5.8,,,,,,,,,,,,,
235,2010-11-28,2.1,-1.8,708,5.4,2332,,,,,,,8.9,110,2342,6.4,140,2348,2.7,2290,-5.8,41,1231,56,4.1,1023.5,1028.3,909,1022.4,2352,1025.7,10,8.2,,,,,,,,,3,2.8,3.6,-5.2,,,,,,,,,,,,,
235,2010-11-29,7.4,.4,744,11.3,1503,1.5,,,,,9,9.8,140,42,7.7,140,48,2.1,1815,1.9,30,1224,70.8,7,1021.1,1026,848,1021.4,2400,1023.3,9.9,8.4,,,,,,,,,2.3,2.3,5.3,-2.8,,,,,,,,,,,,,
235,2010-11-30,10.6,7.6,2356,12.9,1102,.25,,,,,0,8.8,140,124,6,140,122,2.2,1919,8.8,67,38,89.5,11.4,1017.5,1021.5,1,1018.5,1435,1019.7,9.9,.1,,,,,,,,,8.1,8.1,9.7,6.1,,,,,,,,,,,,,11.67
235,2010-12-01,7.7,5.1,805,14.3,1451,,,,,,,3.5,160,1409,2.6,160,1355,1,827,5.4,54,1530,86.5,9,1017.8,1021.8,927,1018.6,1515,1020,9.9,4.8,,,,,,,,,5,5,9.7,2.2,,,,,,,,,,,,,12.33
235,2010-12-02,12.7,5.5,38,17.1,1544,.25,,,,,.1,9,200,2141,6.3,160,2130,2.4,2034,6.2,47,1549,65.6,9.5,1012.7,1019.3,0,1012,2245,1014.9,9.9,.2,,,,,,,,,7.3,4.5,10.3,2.7,,,,,,,,,,,,,
235,2010-12-03,3.5,-.7,2355,10.1,0,,,,,,,12.8,290,1313,3.8,230,546,2.3,1974,-4.4,43,1315,56.5,4.5,1018.7,1024,2056,1013.4,0,1021,9.9,4.5,,,,,,,,,3.9,3.9,5.2,-3.3,,,,,,,,,,,,,
235,2010-12-04,5.4,-2.1,600,9.5,1418,,,,,,,8.2,110,1336,5.1,140,1337,2.4,2113,-.7,53,1224,65.4,5.9,1019.7,1023.9,321,1019.5,2336,1021.9,9.8,8.1,,,,,,,,,.1,.1,5,-4.5,,,,,,,,,,,,,
235,2010-12-05,12,8.5,0,14.9,1406,,,,,,,18.7,110,116,5.4,140,1024,3.5,3059,6.3,60,1227,68.5,9.6,1015.7,1019.5,0,1016.5,1647,1017.9,9.8,1.4,,,,,,,,,6.5,6.5,10.2,3.3,,,,,,,,,,,,,
235,2010-12-06,5.2,-.2,2340,11.3,34,,,,,,,8.7,320,2004,4.4,320,2358,2.1,1834,-1.2,47,1326,64.1,6,1017,1021.4,2337,1016.7,300,1019.2,9.8,6.1,,,,,,,,,4.8,3.6,6.7,-3.2,,,,,,,,,,,,,
235,2010-12-07,0,-3.5,754,4.8,1436,,,,,,,7.7,290,1350,4.4,320,2,1.8,1519,-10.3,21,1541,48,2.8,1016.7,1021.8,248,1016.5,2350,1019,9.8,8.3,,,,,,,,,2.3,1.1,2,-7.5,,,,,,,,,,,,,
235,2010-12-08,2.9,-1.1,429,6.4,1700,3.58,,,,,3.5,10.8,340,2300,6,140,1257,2.3,1962,-2.8,40,603,67,5.1,1009.8,1016.5,0,1008.6,1614,1012.1,9.8,.5,,,,,,,,,8.6,7,2.1,-5.1,,,,,,,,,,,,,
235,2010-12-09,1.3,-1.8,2313,5.4,1409,,,,,,,7.3,340,1137,4.1,320,52,2,1738,-7.7,32,1347,52.1,3.4,1016.3,1019.8,1020,1014.1,0,1018.6,9.8,8.5,,,,,,,,,.8,.8,3.3,-5,,,,,,,,,,,,,
235,2010-12-10,6.6,-2,35,12.3,1835,,,,,,,16.3,140,1614,10.4,140,1616,4.6,3974,-1.2,36,829,58.4,6.1,1009.9,1019.2,21,1007,1632,1012.1,9.8,4.7,,,,,,,,,3.8,3,4.6,-5.2,,,,,,,,,,,,,
235,2010-12-11,.6,-5.2,2333,9.1,35,,,,,,,9.8,340,659,4.5,320,1528,2.3,2023,-8,35,1557,53.1,3.5,1019.9,1026.8,2400,1011.9,1,1022.1,9.7,7.4,,,,,,,,,2.9,2.9,3.8,-7.5,,,,,,,,,,,,,
235,2010-12-12,.7,-7.1,611,8.1,1446,,,,,,,6.5,360,931,3.6,340,941,1.8,1555,-15.2,9,1450,33.6,2,1022,1027.6,203,1021.6,2355,1024.2,9.7,3.2,,,,,,,,,6.3,1.1,.5,-8.7,,,,,,,,,,,,,
235,2010-12-13,4.7,1.9,2354,7.2,1451,9.42,,,,,2,8.9,360,1241,6,340,1322,3,2614,-.7,23,47,71.6,6.1,1015,1021.8,11,1014.1,1348,1017.2,9.7,0,,,,,,,,,8.6,5.8,4.2,-1.8,,,,,,,,,,,,,
235,2010-12-14,-.2,-5,2355,3.2,1109,3.08,,,,,0,11.5,360,406,5,320,2235,2.7,2294,-6.4,46,1117,63.5,3.9,1022,1028.1,2055,1018.3,139,1024.3,9.7,3.8,,,,0,,0,,0,7.1,5,.8,-4.3,,,,,,,,,,,,,
235,2010-12-15,-6.2,-8.3,700,-3.7,1411,9,,,,,1,11.4,340,229,6.7,320,219,3.5,3048,-12.9,42,1011,59.9,2.3,1023.4,1028.7,335,1023.2,1934,1025.7,9.7,5.8,,,,2.1,2230,2.1,2230,2.4,5.3,5.3,-3,-8.3,,,,,,,,,,,,,
235,2010-12-16,-4.2,-9.9,744,-.1,2355,3,,,,,0,7.8,320,423,5.3,320,428,2.3,2006,-11.3,35,1018,58.6,2.6,1017.1,1023.8,5,1016.1,2353,1019.4,9.7,8,,,,,,2.1,0,,3.6,2.6,-1.2,-9.1,,,,,,,,,,,,,
235,2010-12-17,3.1,-.6,125,6.8,1422,4.33,,,,,2,8.1,200,915,4,90,822,1.6,1391,-3.4,31,1442,64.4,4.8,1013.1,1019.5,2324,1013,646,1015.3,9.7,3.3,,,,.1,830,.1,830,.1,5.3,4.9,2,-3.9,,,,,,,,,,,,,
235,2010-12-18,3.7,-1,644,8.6,1447,,,,,,,6.2,110,1313,4.1,110,1332,2,1744,-2.9,44,1519,63.4,5,1019.2,1023.5,1002,1019.5,0,1021.5,9.7,8.2,,,,,,,,,1.4,0,2.5,-4.5,,,,,,,,,,,,,
235,2010-12-19,9.2,6.1,2345,13,1502,,,,,,,10.3,110,1335,6.9,110,1318,3.7,3226,3.9,48,0,71,8.2,1015.9,1021.3,238,1015.1,1500,1018.1,9.7,2.1,,,,,,,,,7.6,5.6,6.4,-.3,,,,,,,,,,,,,
235,2010-12-20,4.8,.6,2134,10.1,1407,,,,,,,7.2,340,2314,3.6,290,2323,1.3,1159,-.7,36,1604,69.5,5.9,1017,1020.7,1027,1017.5,2400,1019.2,9.7,8,,,,,,,,,3.1,2.9,3.8,-3.2,,,,,,,,,,,,,6.92
235,2010-12-21,4,-.2,752,9.9,1428,,,,,,,7.4,290,617,4.5,320,628,1.7,1511,-3.8,30,1507,59.3,4.7,1011.2,1017.6,10,1010.8,1510,1013.4,9.7,7.9,,,,,,,,,4.8,0,3.3,-3.6,,,,,,,,,,,,,
235,2010-12-22,3,-1.4,644,8.9,1320,,,,,,,4.4,160,1409,2.4,160,1301,.9,797,-1.7,45,1616,72.4,5.4,1014.1,1019.4,2347,1013.3,41,1016.4,9.7,8.2,,,,,,,,,.9,.9,3.1,-4.7,,,,,,,,,,,,,
235,2010-12-23,1.7,-4.3,2344,6,1316,,,,,,,9.8,290,2109,4.8,270,1211,2.4,2080,-5.5,31,1448,61.3,4.4,1021.5,1028.1,2350,1019.1,38,1023.7,9.7,6.2,,,,,,,,,4.4,3.4,1.6,-4.8,,,,,,,,,,,,,
235,2010-12-24,-6.7,-9.1,800,-4.2,0,6.17,,,,,0,9.6,290,1300,5.9,290,317,4.2,3650,-14.3,41,1232,54.8,2,1025.9,1030.9,1003,1026.4,2352,1028.2,9.7,7.7,,,,,,,,,5.4,5.4,-4.4,-7.6,,,,,,,,,,,,,
235,2010-12-25,-6.4,-9.6,706,-3.5,1418,10.83,,,,,4.1,8.7,270,47,5.6,290,355,2.8,2404,-10.9,50,26,71.1,2.8,1019.7,1026.5,305,1018,2356,1022.1,9.7,4.2,,,,8,2240,8,2240,8,6.6,6.6,-4,-9.9,,,,,,,,,,,,,
235,2010-12-26,-6.4,-9.5,503,-2,1538,6.92,,,,,5,8.7,90,1417,5.9,90,1422,2.1,1781,-9,60,1051,82,3.2,1011.3,1018.1,0,1009.1,1513,1013.6,9.7,3.7,,,,7,2400,10,2400,7.4,5.3,5,-1.5,-3.2,,,,,,,,,,,,,
235,2010-12-27,-.6,-7.4,528,4.9,1505,4.58,,,,,4.7,5.9,160,1516,4.3,110,1312,1.3,1165,-3.6,50,1516,81.3,4.8,1010.9,1014.9,1024,1010.8,2355,1013.2,9.7,3.3,,,,7.5,300,16,300,7.7,6.8,6.8,-.8,-3.6,,,,,,,,,,,,,
235,2010-12-28,2,-1.5,2338,6,1257,6.83,,,,,4.2,15,70,24,6.1,90,128,2.4,2115,-2.2,39,1301,75,5.4,1009.2,1018.9,2309,1006.8,509,1011.4,9.7,1.5,,,,.4,2400,5.5,0,.4,8,7.1,-.6,-2.8,,,,,,,,,,,,,
235,2010-12-29,-.8,-3.4,704,2.1,1507,4.5,,,,,1.8,8.2,270,207,4.2,110,2357,1.6,1409,-6.6,43,1502,66.1,3.8,1016.9,1022.1,1003,1014.8,2318,1019.2,9.7,4.6,,,,2,2340,4.5,2340,3.1,7.3,6.9,1.5,-3.7,,,,,,,,,,,,,
235,2010-12-30,-2.1,-5,2344,.3,205,19.75,,,,,4.3,12.2,200,227,4.9,180,236,2.7,2301,-5,69,638,80.6,4.3,1010,1015.4,0,1010.5,1331,1012.3,9.7,.3,,,,6.5,1900,10,1900,6.7,9,8,-.4,-1.2,,,,,,,,,,,,,
235,2010-12-31,-4.7,-7.9,814,-2.3,1334,5.33,,,,,.2,7.7,290,454,4.8,290,1548,2.4,2037,-10.4,53,1238,64.5,2.8,1013.1,1017.8,2310,1012.7,9,1015.4,9.7,6.3,,,,.3,300,9,0,.4,5.4,5.4,-.8,-3.1,,,,,,,,,,,,,
